,mitigation,thresh_type,cache_only,tRH,flat_thresh,dynamic_thresh,trace,ipc_0,ipc_1,ipc_2,VRR,RFM,RRS_reswap,RRS_unswap,RRS_swap,AQUA_migrate,AQUA_r_migrate,total_energy,insn_0,insn_1,insn_2,aipc_0,aipc_1,aipc_2,aipc_3,soa_0,aos_0,soa_1,aos_1,soa_2,aos_2,weighted_speedup,harmonic_speedup,max_slowdown,min_insn,weighted_speedup_base,harmonic_speedup_base,max_slowdown_base,total_energy_base,norm_weighted_speedup,norm_harmonic_speedup,norm_max_slowdown,norm_energy
0,Graphene,MEAN,False,512,32,0.65,Mix1,0.4434767,0.3340704,0.7828872,504,0,0,0,0,0,0,21685740.18941816,4434767,3340704,7828872,0.9951966,0.6610784,1.2375126,0.9998239,0.4456171775506468,2.244078662982745,0.5053415752201252,1.978859545772388,0.6326296798917441,1.5807035802858957,1.5835884326625163,0.5169168100045176,0.5543828224493532,3340704,0.7834623245650889,0.25657007984036206,0.778763910604249,52970992.77013206,2.021269412720757,2.0147197612681236,0.7118753384696567,0.4093889703657917
1,Graphene,MEAN,False,64,32,0.65,Mix1,0.4108662,0.3191424,0.7393387,4112,0,0,0,0,0,0,22163125.112802316,4108662,3191424,7393387,0.9951966,0.6610784,1.2375126,0.9998239,0.41284928023266965,2.422191457949084,0.4827602898536694,2.071421409377131,0.5974393311227699,1.6738101224783717,1.493048901209109,0.48642682769761736,0.5871507197673304,3191424,0.7834623245650889,0.25657007984036206,0.778763910604249,52970992.77013206,1.9057060619193422,1.895882902637253,0.7539521436114772,0.4184011655016422
2,Hydra,MEAN,False,512,32,0.65,Mix1,0.4628388,0.3414064,0.7879898,504,0,0,0,0,0,0,21121500.896731872,4628388,3414064,7879898,0.9951966,0.6610784,1.2375126,0.9998239,0.46507273035297747,2.1502013227931625,0.5164385948777029,1.936338627512548,0.6367529510406601,1.5704677903191135,1.6182642762713404,0.5303156964866812,0.5349272696470225,3414064,0.7834623245650889,0.25657007984036206,0.778763910604249,52970992.77013206,2.065529158877757,2.0669428672924126,0.6868927313695986,0.3987371161493754
3,Hydra,MEAN,False,64,32,0.65,Mix1,0.4033898,0.3077984,0.7307917,4116,0,0,0,0,0,0,22666256.720307834,4033898,3077984,7307917,0.9951966,0.6610784,1.2375126,0.9998239,0.40533679475995,2.4670841949895608,0.4656004492054196,2.147764250886294,0.5905327347778115,1.693386227566624,1.461469978743181,0.47556886439718704,0.59466320524005,3077984,0.7834623245650889,0.25657007984036206,0.778763910604249,52970992.77013206,1.8653991811979778,1.8535632241026936,0.7635988226247492,0.4278994131499138
4,Dummy,NONE,False,0,0,0.0,Mix1,0.2545882,0.1462544,0.3791853,0,0,0,0,0,0,0,52970992.77013206,2545882,1462544,3791853,0.9951966,0.6610784,1.2375126,0.9998239,0.25581699133618424,3.9090444883148554,0.22123608939575096,4.520058199958428,0.3064092438331537,3.2636091114291617,0.7834623245650889,0.25657007984036206,0.778763910604249,1462544,0.7834623245650889,0.25657007984036206,0.778763910604249,52970992.77013206,1.0,1.0,1.0,1.0
5,Graphene,NONE,False,512,0,0.0,Mix1,0.2539738,0.1374384,0.4214917,1080,0,0,0,0,0,0,55850599.768696375,2539738,1374384,4214917,0.9951966,0.6610784,1.2375126,0.9998239,0.2551996258829663,3.9185010422334896,0.2079003035040927,4.809997788099978,0.3405958856499724,2.9360307688146645,0.8036958150370315,0.2571899684852351,0.7920996964959073,1374384,0.7834623245650889,0.25657007984036206,0.778763910604249,52970992.77013206,1.0258257351215636,1.0024160597574696,1.0171242987894893,1.0543619601592213
6,Graphene,NONE,False,64,0,0.0,Mix1,0.2347456,0.1216944,0.3279204,7631,0,0,0,0,0,0,60172414.5636529,2347456,1216944,3279204,0.9951966,0.6610784,1.2375126,0.9998239,0.23587861936023496,4.239468599198451,0.18408467134911685,5.432282833063805,0.2649834838045285,3.7738201100023057,0.6849467745138803,0.22312179073755659,0.8159153286508831,1216944,0.7834623245650889,0.25657007984036206,0.778763910604249,52970992.77013206,0.8742561742124665,0.8696329317759226,1.0477056236694482,1.1359502893361175
7,Hydra,NONE,False,512,0,0.0,Mix1,0.2536473,0.1382304,0.378003,1080,0,0,0,0,0,0,55531551.597911894,2536473,1382304,3780030,0.9951966,0.6610784,1.2375126,0.9998239,0.2548715500032858,3.923545017037437,0.2090983459753034,4.7824385952728194,0.30545385962130805,3.273816874469251,0.7694237555998973,0.25042153275513196,0.7909016540246966,1382304,0.7834623245650889,0.25657007984036206,0.778763910604249,52970992.77013206,0.9820813732517583,0.9760356036485013,1.0155859089708328,1.0483388868864776
8,Hydra,NONE,False,64,0,0.0,Mix1,0.2446441,0.1364584,0.3777887,7186,0,0,0,0,0,0,53066964.93216982,2446441,1364584,3777887,0.9951966,0.6610784,1.2375126,0.9998239,0.2458248953020941,4.067936238805677,0.20641787721395832,4.844541633201033,0.3052806896673213,3.275673941544573,0.7575234621833737,0.24614068202403563,0.7935821227860417,1364584,0.7834623245650889,0.25657007984036206,0.778763910604249,52970992.77013206,0.9668920105429266,0.9593506856964163,1.019027861948938,1.0018117871125096
9,BlockHammer,NONE,False,512,0,0.0,Mix1,0.6766463,0.4856384,1.0299175,0,0,0,0,0,0,0,13764321.321687082,6766463,4856384,10299175,0.9951966,0.6610784,1.2375126,0.9998239,0.6799121902144762,1.470778159874664,0.7346154404681806,1.3612564410063124,0.8322480918578122,1.201564785528938,2.246775722540469,0.7437525923143635,0.32008780978552376,4856384,0.7834623245650889,0.25657007984036206,0.778763910604249,52970992.77013206,2.8677520948919737,2.89882823740448,0.41102034317071157,0.259846391428181
10,BlockHammer,NONE,False,64,0,0.0,Mix1,0.0005085,0.0001144,0.006375,0,0,0,0,0,0,0,38055592187.5,5085,1144,63750,0.9951966,0.6610784,1.2375126,0.9998239,0.0005109543179709416,1957.1221238938056,0.0001730505791748755,5778.657342657342,0.005151462700258566,194.1196235294118,0.005835467597404383,0.0003783150284664622,0.9998269494208252,1144,0.7834623245650889,0.25657007984036206,0.778763910604249,52970992.77013206,0.007448306592973356,0.0014745095324515231,1.2838640001243145,718.4232387835824
11,Graphene,MEAN,False,512,32,0.65,Mix6,0.3625632,0.6271386,0.9137825,504,0,0,0,0,0,0,20521879.683666185,3625632,6271386,9137825,0.5302639,0.9502711,1.0118551,0.9998239,0.6837410579901818,1.4625419788880947,0.6599575636889304,1.5152489417809716,0.9030764385137754,1.1073259774618138,2.2467750601928875,0.7343731097077373,0.34004243631106956,3625632,0.7652463634905373,0.2533058169086448,0.7677528113831622,64098093.09286145,2.9360153375242666,2.89915612152164,0.4429061427967402,0.32016365376010986
12,Graphene,MEAN,False,64,32,0.65,Mix6,0.327035,0.5787671,0.8735049,5359,0,0,0,0,0,0,21929341.687434066,3270350,5787671,8735049,0.5302639,0.9502711,1.0118551,0.9998239,0.6167400797980025,1.6214285932698334,0.6090547213316284,1.6418885938748073,0.8632707390613538,1.158385144719852,2.0890655401909846,0.6784717230693804,0.3909452786683716,3270350,0.7652463634905373,0.2533058169086448,0.7677528113831622,64098093.09286145,2.729925472186601,2.6784687827128444,0.5092072251276494,0.342121592535743
13,Hydra,MEAN,False,512,32,0.65,Mix6,0.3694165,0.6450288,0.9234948,504,0,0,0,0,0,0,20081797.534084156,3694165,6450288,9234948,0.5302639,0.9502711,1.0118551,0.9998239,0.6966653773715313,1.435409355023395,0.6787839806977187,1.4732227460231235,0.9126749472330573,1.0956803438416762,2.2881243053023073,0.7491922873874953,0.3212160193022813,3694165,0.7652463634905373,0.2533058169086448,0.7677528113831622,64098093.09286145,2.990049237039728,2.9576592299800715,0.41838468650292193,0.31329789335528063
14,Hydra,MEAN,False,64,32,0.65,Mix6,0.2999596,0.53804,0.7438309,5041,0,0,0,0,0,0,23326020.57910466,2999596,5380400,7438309,0.5302639,0.9502711,1.0118551,0.9998239,0.5656798435646854,1.7677843949651888,0.5661963201869444,1.7661718459594085,0.7351160260001653,1.3603294781112214,1.866992189751795,0.6129597191949399,0.43432015643531463,2999596,0.7652463634905373,0.2533058169086448,0.7677528113831622,64098093.09286145,2.4397269674511577,2.4198406758894326,0.5657031143303213,0.36391130302911395
15,Dummy,NONE,False,0,0,0.0,Mix6,0.1231523,0.2699862,0.2518348,0,0,0,0,0,0,0,64098093.09286145,1231523,2699862,2518348,0.5302639,0.9502711,1.0118551,0.9998239,0.23224718861683777,4.305757180336867,0.2841149225731478,3.5197024884975603,0.24888425230055175,4.017931993513208,0.7652463634905373,0.2533058169086448,0.7677528113831622,1231523,0.7652463634905373,0.2533058169086448,0.7677528113831622,64098093.09286145,1.0,1.0,1.0,1.0
16,Graphene,NONE,False,512,0,0.0,Mix6,0.1196243,0.2562314,0.2190638,1152,0,0,0,0,0,0,65444363.64517913,1196243,2562314,2190638,0.5302639,0.9502711,1.0118551,0.9998239,0.22559389768000424,4.4327440160569385,0.2696403163265725,3.7086442176876058,0.2164972039968964,4.6189972966779544,0.7117314180034732,0.23510261448195202,0.7835027960031036,1196243,0.7652463634905373,0.2533058169086448,0.7677528113831622,64098093.09286145,0.9300683439474772,0.9281374480505602,1.0205143952407894,1.021003285548094
17,Graphene,NONE,False,64,0,0.0,Mix6,0.103281,0.2226959,0.1862661,8391,0,0,0,0,0,0,71739163.47755155,1032810,2226959,1862661,0.5302639,0.9502711,1.0118551,0.9998239,0.19477282915167335,5.134186345988129,0.23434986079235703,4.2671243610681655,0.18408376851586752,5.432309475529901,0.6132064584598979,0.20224327999997094,0.8159162314841325,1032810,0.7652463634905373,0.2533058169086448,0.7677528113831622,64098093.09286145,0.8013190100804451,0.7984154587058313,1.0627329778372292,1.1192090125617338
18,Hydra,NONE,False,512,0,0.0,Mix6,0.1224869,0.2630278,0.2190638,1152,0,0,0,0,0,0,63816785.32561442,1224869,2630278,2190638,0.5302639,0.9502711,1.0118551,0.9998239,0.2309923417377649,4.32914785172945,0.2767923806164367,3.612816211822477,0.2164972039968964,4.6189972966779544,0.724281926351098,0.23883522239774616,0.7835027960031036,1224869,0.7652463634905373,0.2533058169086448,0.7677528113831622,64098093.09286145,0.9464689554974333,0.9428730272068032,1.0205143952407894,0.9956112927284828
19,Hydra,NONE,False,64,0,0.0,Mix6,0.1042843,0.2258336,0.1884494,7960,0,0,0,0,0,0,69866715.81915975,1042843,2258336,1884494,0.5302639,0.9502711,1.0118551,0.9998239,0.19666490590817137,5.084791286895535,0.23765176063967428,4.207837540560838,0.18624148852933586,5.369372892670394,0.6205581550771815,0.20461053390014622,0.8137585114706641,1042843,0.7652463634905373,0.2533058169086448,0.7677528113831622,64098093.09286145,0.8109259771540946,0.8077608970738299,1.0599225420023137,1.0899967916040976
20,BlockHammer,NONE,False,512,0,0.0,Mix6,0.4508278,0.7519387,1.1335302,0,0,0,0,0,0,0,14868135.674530277,4508278,7519387,11335302,0.5302639,0.9502711,1.0118551,0.9998239,0.8501951575432535,1.176200535991791,0.7912886122707509,1.2637613943796218,1.1202495297992767,0.8926582635381042,2.7617332996132813,0.9001925888472402,0.20871138772924913,4508278,0.7652463634905373,0.2533058169086448,0.7677528113831622,64098093.09286145,3.608946649568014,3.5537778004201788,0.2718471162003829,0.2319590951479667
21,BlockHammer,NONE,False,64,0,0.0,Mix6,0.0006162,0.0006099,0.0044871,0,0,0,0,0,0,0,7150275653.795706,6162,6099,44871,0.5302639,0.9502711,1.0118551,0.9998239,0.0011620628898176926,860.5386238234339,0.0006418168457401262,1558.0768978521069,0.004434528224446366,225.5031311983241,0.006238407960004185,0.0011345935617296644,0.9993581831542598,6099,0.7652463634905373,0.2533058169086448,0.7677528113831622,64098093.09286145,0.008152156295848019,0.0044791453097141375,1.301666588955687,111.55208070600193
22,Graphene,MEAN,False,512,32,0.65,Mix7,0.2459544,0.2822261,0.3146306,432,0,0,0,0,0,0,28124313.017982192,2459544,2822261,3146306,0.6610784,0.4320961,0.5419678,0.9998239,0.3720502742186101,2.687808797077832,0.6531558604671507,1.531028136660642,0.5805337512671417,1.7225527332687922,1.6057398859529024,0.5049323757805517,0.62794972578139,2459544,0.9124271976216292,0.2883289004587576,0.7827210811909753,53427023.209845014,1.7598553508033201,1.7512374755952602,0.802264996907854,0.5264061392213167
23,Graphene,MEAN,False,64,32,0.65,Mix7,0.2387104,0.2644681,0.3064008,3650,0,0,0,0,0,0,28205135.147546984,2387104,2644681,3064008,0.6610784,0.4320961,0.5419678,0.9998239,0.3610924211107185,2.769374103516227,0.6120585212409925,1.633830696405351,0.5653487162890488,1.7688197942041928,1.5384996586407598,0.4860641681264932,0.6389075788892815,2387104,0.9124271976216292,0.2883289004587576,0.7827210811909753,53427023.209845014,1.6861615509172427,1.6857975990374907,0.8162646876932591,0.5279188967119848
24,Hydra,MEAN,False,512,32,0.65,Mix7,0.2511184,0.2886271,0.321491,416,0,0,0,0,0,0,27401488.11277868,2511184,2886271,3214910,0.6610784,0.4320961,0.5419678,0.9998239,0.3798617531596858,2.632536683890945,0.6679696947044883,1.4970739060885134,0.5931920678682387,1.6857946256660372,1.641023515732413,0.5158711884648965,0.6201382468403143,2511184,0.9124271976216292,0.2883289004587576,0.7827210811909753,53427023.209845014,1.798525427573809,1.7891761375432653,0.7922850958565244,0.5128769387946996
25,Hydra,MEAN,False,64,32,0.65,Mix7,0.2322104,0.257354,0.2991289,3648,0,0,0,0,0,0,28696563.073833045,2322104,2573540,2991289,0.6610784,0.4320961,0.5419678,0.9998239,0.3512600018394188,2.8468940236957514,0.5955943596806359,1.6789950807059535,0.5519311294877666,1.8118202554149734,1.4987854910078213,0.4733571436741897,0.6487399981605813,2322104,0.9124271976216292,0.2883289004587576,0.7827210811909753,53427023.209845014,1.6426357027877054,1.641726316442907,0.8288265306122449,0.5371170121367556
26,Dummy,NONE,False,0,0,0.0,Mix7,0.1436384,0.1638789,0.1711986,0,0,0,0,0,0,0,53427023.209845014,1436384,1638789,1711986,0.6610784,0.4320961,0.5419678,0.9998239,0.21727891880902478,4.60237930804019,0.3792649366657093,2.6366792796388063,0.31588334214689506,3.1657256542985746,0.9124271976216292,0.2883289004587576,0.7827210811909753,1436384,0.9124271976216292,0.2883289004587576,0.7827210811909753,53427023.209845014,1.0,1.0,1.0,1.0
27,Graphene,NONE,False,512,0,0.0,Mix7,0.1355424,0.1576389,0.1663312,1080,0,0,0,0,0,0,56163965.93888702,1355424,1576389,1663312,0.6610784,0.4320961,0.5419678,0.9998239,0.205032262436649,4.877281204995632,0.36482370472679576,2.7410499565779767,0.30690236578630686,3.258365237550141,0.8767583329497517,0.27581904375318284,0.794967737563351,1355424,0.9124271976216292,0.2883289004587576,0.7827210811909753,53427023.209845014,0.960907714319725,0.9566125466934795,1.0156462585034014,1.0512276852538112
28,Graphene,NONE,False,64,0,0.0,Mix7,0.1202944,0.139236,0.1418021,7714,0,0,0,0,0,0,60556425.00295109,1202944,1392360,1418021,0.6610784,0.4320961,0.5419678,0.9998239,0.18196691950606766,5.495504362630347,0.3222338734369507,3.1033360625125685,0.26164303488140805,3.8220012256518068,0.7658438278244264,0.24152952628681576,0.8180330804939323,1202944,0.9124271976216292,0.2883289004587576,0.7827210811909753,53427023.209845014,0.8393478732557588,0.8376875363604559,1.0451144094001237,1.1334418682677485
29,Hydra,NONE,False,512,0,0.0,Mix7,0.1456424,0.1616594,0.1613947,1064,0,0,0,0,0,0,52268730.99797861,1456424,1616594,1613947,0.6610784,0.4320961,0.5419678,0.9998239,0.2203103293043609,4.539051814581468,0.37412834783743715,2.67287952324455,0.2977938910761857,3.3580272462478633,0.8922325682179837,0.28382325021785826,0.7796896706956391,1456424,0.9124271976216292,0.2883289004587576,0.7827210811909753,53427023.209845014,0.9778671334477034,0.9843732271245428,0.9961270871985157,0.978320105776491
30,Hydra,NONE,False,64,0,0.0,Mix7,0.1397384,0.1444954,0.1601548,7155,0,0,0,0,0,0,51295165.46185588,1397384,1444954,1601548,0.6610784,0.4320961,0.5419678,0.9998239,0.21137946724624496,4.730828462326747,0.3344057028054639,2.990379624541681,0.2955061167840599,3.384024706096851,0.8412912868357688,0.27014291874190877,0.788620532753755,1397384,0.9124271976216292,0.2883289004587576,0.7827210811909753,53427023.209845014,0.9220366173089906,0.9369262613358798,1.0075371057513913,0.9600977628939601
31,BlockHammer,NONE,False,512,0,0.0,Mix7,0.3053304,0.3239016,0.3818636,0,0,0,0,0,0,0,20956996.54169713,3053304,3239016,3818636,0.6610784,0.4320961,0.5419678,0.9998239,0.4618671552421014,2.1651247304559256,0.749605469709169,1.3340350896692081,0.704587246696206,1.4192706505673753,1.9160598716474764,0.6099506779400714,0.5381328447578986,3053304,0.9124271976216292,0.2883289004587576,0.7827210811909753,53427023.209845014,2.099959182104565,2.11546840073813,0.6875154607297463,0.3922546172820532
32,BlockHammer,NONE,False,64,0,0.0,Mix7,0.0006624,0.0003322,0.0011223,0,0,0,0,0,0,0,13099282264.07285,6624,3322,11223,0.6610784,0.4320961,0.5419678,0.9998239,0.0010019991577398385,998.0048309178744,0.0007688104567479318,1300.710716435882,0.0020707872312709353,482.908135079747,0.0038415968457587053,0.0010785067796717383,0.9992311895432521,3322,0.9124271976216292,0.2883289004587576,0.7827210811909753,53427023.209845014,0.004210305058608919,0.0037405434486648256,1.2766120825860965,245.18083690762393
33,Graphene,MEAN,False,512,32,0.65,Mix9,0.4567231,0.4374944,0.7807333,504,0,0,0,0,0,0,16460460.05674587,4567231,4374944,7807333,0.9951966,0.6452526,1.2375126,0.9998239,0.4589275124131252,2.1789933550547365,0.6780203597784806,1.4748819642034274,0.63088917236075,1.5850644515867327,1.7678370445523557,0.572634947379092,0.5410724875868749,4374944,0.8006624027064033,0.2639690429697052,0.7639835934020258,51055389.35286053,2.207968100633555,2.169326148766662,0.7082252711442064,0.32240396685611844
34,Graphene,MEAN,False,64,32,0.65,Mix9,0.4211987,0.420594,0.7352066,4457,0,0,0,0,0,0,16698711.486017397,4211987,4205940,7352066,0.9951966,0.6452526,1.2375126,0.9998239,0.42323165091199066,2.362772249771901,0.6518284467199358,1.5341459935234452,0.5941002944131639,1.6832174792772534,1.6691603920450904,0.5376213320160814,0.5767683490880093,4205940,0.8006624027064033,0.2639690429697052,0.7639835934020258,51055389.35286053,2.084724331257451,2.036683263945395,0.7549486063171261,0.32707049535176647
35,Hydra,MEAN,False,512,32,0.65,Mix9,0.4706201,0.487323,0.7843038,490,0,0,0,0,0,0,15234688.949483883,4706201,4873230,7843038,0.9951966,0.6452526,1.2375126,0.9998239,0.4728915874511629,2.1146495867898545,0.7552437603505976,1.3240758182971046,0.6337743955091851,1.577848532673181,1.8619097433109455,0.5980176983775256,0.5271084125488371,4706201,0.8006624027064033,0.2639690429697052,0.7639835934020258,51055389.35286053,2.325461688993149,2.2654842084878792,0.6899472935035406,0.29839531423787513
36,Hydra,MEAN,False,64,32,0.65,Mix9,0.3959984,0.3811873,0.6874714,4360,0,0,0,0,0,0,18137204.931801245,3959984,3811873,6874714,0.9951966,0.6452526,1.2375126,0.9998239,0.39790971954687143,2.5131328813449754,0.5907567052035126,1.692744223115513,0.5555267881716921,1.8000932111503114,1.5441932129220761,0.49950296827181434,0.6020902804531285,3811873,0.8006624027064033,0.2639690429697052,0.7639835934020258,51055389.35286053,1.9286445919058843,1.8922785893842127,0.7880932073056898,0.3552456491213704
37,Dummy,NONE,False,0,0,0.0,Mix9,0.2589194,0.1522902,0.376794,0,0,0,0,0,0,0,51055389.35286053,2589194,1522902,3767940,0.9951966,0.6452526,1.2375126,0.9998239,0.2601690962368642,3.843654048325463,0.23601640659797418,4.236993581990174,0.30447689987156495,3.2843214063918214,0.8006624027064033,0.2639690429697052,0.7639835934020258,1522902,0.8006624027064033,0.2639690429697052,0.7639835934020258,51055389.35286053,1.0,1.0,1.0,1.0
38,Graphene,NONE,False,512,0,0.0,Mix9,0.255186,0.144119,0.3789535,1080,0,0,0,0,0,0,53570168.91856731,2551860,1441190,3789535,0.9951966,0.6452526,1.2375126,0.9998239,0.2564176766681076,3.8998871411441063,0.22335283887271434,4.47722090772209,0.3062219326090094,3.26560541069023,0.7859924481498313,0.25767189155871373,0.7766471611272856,1441190,0.8006624027064033,0.2639690429697052,0.7639835934020258,51055389.35286053,0.9816777277077272,0.9761443563982077,1.0165757063824745,1.0492559080947617
39,Graphene,NONE,False,64,0,0.0,Mix9,0.2379397,0.1261954,0.3295441,7803,0,0,0,0,0,0,58153913.836201645,2379397,1261954,3295441,0.9951966,0.6452526,1.2375126,0.9998239,0.23908813595223297,4.182558017850741,0.1955751902433249,5.1131229822957085,0.2662955512533771,3.7552260835499713,0.700958877448935,0.22986907965559644,0.8044248097566751,1261954,0.8006624027064033,0.2639690429697052,0.7639835934020258,51055389.35286053,0.8754737016244926,0.8708183242607646,1.0529346660110386,1.1390357526074453
40,Hydra,NONE,False,512,0,0.0,Mix9,0.250699,0.1449647,0.3784552,1112,0,0,0,0,0,0,53170735.16000793,2506990,1449647,3784552,0.9951966,0.6452526,1.2375126,0.9998239,0.25190901978563834,3.9696871547154156,0.22466348837649008,4.451101544031064,0.30581927004217974,3.2699051301184396,0.7823917782043082,0.2566143672835608,0.7753365116235099,1449647,0.8006624027064033,0.2639690429697052,0.7639835934020258,51055389.35286053,0.9771806139012689,0.9721381128506479,1.0148601597200921,1.0414323704893826
41,Hydra,NONE,False,64,0,0.0,Mix9,0.2399167,0.1387709,0.3746042,7420,0,0,0,0,0,0,52271069.20921462,2399167,1387709,3746042,0.9951966,0.6452526,1.2375126,0.9998239,0.24107467810882796,4.1480922336794395,0.21506445692741108,4.649768791583826,0.30270738253493334,3.30352035561801,0.7588465175711724,0.2479055824766946,0.784935543072589,1387709,0.8006624027064033,0.2639690429697052,0.7639835934020258,51055389.35286053,0.9477733873928829,0.9391464229581871,1.0274246068259973,1.0238109996175355
42,BlockHammer,NONE,False,512,0,0.0,Mix9,0.6663303,0.5862497,0.9816704,0,0,0,0,0,0,0,11088516.611394428,6663303,5862497,9816704,0.9951966,0.6452526,1.2375126,0.9998239,0.6695463991737914,1.4935484698804782,0.9085584467230353,1.1006446570463064,0.7932609332624169,1.2606192465414054,2.3713657791592437,0.7782479948047091,0.33045360082620856,5862497,0.8006624027064033,0.2639690429697052,0.7639835934020258,51055389.35286053,2.9617548808880505,2.9482547879450616,0.43254017976314874,0.21718601604931567
43,BlockHammer,NONE,False,64,0,0.0,Mix9,0.0002723,0.0002346,0.0064393,0,0,0,0,0,0,0,18555988794.757034,2723,2346,64393,0.9951966,0.6452526,1.2375126,0.9998239,0.0002736142788269172,3654.7800220345207,0.00036357854272884763,2750.437340153452,0.005203421767180391,192.18123087913284,0.005840614588736156,0.0004547246854468605,0.9997263857211731,2346,0.8006624027064033,0.2639690429697052,0.7639835934020258,51055389.35286053,0.007294728176312113,0.001722643990110036,1.3085704907213813,363.4481889171486
44,Graphene,MEAN,False,512,32,0.65,Mix0,0.2287471,0.2280377,0.2284586,288,0,0,0,0,0,0,34911869.65466675,2287471,2280377,2284586,0.3680163,0.3680163,0.3680163,0.9998239,0.6215678490327738,1.6088348223868194,0.619640217022996,1.6138397291325075,0.6207839163645741,1.6108664764644447,1.861991982420344,0.6206629844727725,0.380359782977004,2280377,0.9592202845363098,0.31950707351774377,0.691761207316089,71055615.16468628,1.941151592014588,1.9425641430699156,0.5498426031328536,0.491331607977092
45,Graphene,MEAN,False,64,32,0.65,Mix0,0.2185474,0.2177865,0.2187797,8005,0,0,0,0,0,0,35069511.766684346,2185474,2177865,2187797,0.3680163,0.3680163,0.3680163,0.9998239,0.5938525005550026,1.6839198270032039,0.591784929091456,1.6898030869682006,0.5944837225959828,1.6821318431280416,1.7801211522424416,0.5933714760669085,0.40821507090854403,2177865,0.9592202845363098,0.31950707351774377,0.691761207316089,71055615.16468628,1.855800154500442,1.85714660252727,0.5901098046424809,0.49355018157823843
46,Hydra,MEAN,False,512,32,0.65,Mix0,0.230513,0.2311672,0.230513,289,0,0,0,0,0,0,34473373.13676452,2305130,2311672,2305130,0.3680163,0.3680163,0.3680163,0.9998239,0.6263662777980215,1.5965099582236144,0.6281439164515267,1.5919918569762495,0.6263662777980215,1.5965099582236144,1.8808764720475697,0.6269577050285132,0.37363372220197855,2305130,0.9592202845363098,0.31950707351774377,0.691761207316089,71055615.16468628,1.9608389254995702,1.9622654926720902,0.5401195069200414,0.4851604346379277
47,Hydra,MEAN,False,64,32,0.65,Mix0,0.1842831,0.1852043,0.1851445,6659,0,0,0,0,0,0,39038663.827556625,1842831,1852043,1851445,0.3680163,0.3680163,0.3680163,0.9998239,0.5007471136468683,1.9970160041805245,0.5032502636432136,1.9870829133016892,0.503087770840585,1.9877247231216701,1.5070851481306669,0.502359108464334,0.4992528863531317,1842831,0.9592202845363098,0.31950707351774377,0.691761207316089,71055615.16468628,1.571156461582958,1.572294168430783,0.7217127544491031,0.5494099760740421
48,Dummy,NONE,False,0,0,0.0,Mix0,0.121025,0.1185468,0.1134369,0,0,0,0,0,0,0,71055615.16468628,1210250,1185468,1134369,0.3680163,0.3680163,0.3680163,0.9998239,0.3288577163565853,3.0408287543895893,0.3221237754958136,3.1043967445768255,0.30823879268391097,3.244237986052158,0.9592202845363098,0.31950707351774377,0.691761207316089,1134369,0.9592202845363098,0.31950707351774377,0.691761207316089,71055615.16468628,1.0,1.0,1.0,1.0
49,Graphene,NONE,False,512,0,0.0,Mix0,0.1192595,0.115998,0.1113719,936,0,0,0,0,0,0,71854826.48114112,1192595,1159980,1113719,0.3680163,0.3680163,0.3680163,0.9998239,0.3240603744997165,3.0858447335432397,0.31519799530618614,3.172609010500181,0.30262762817842576,3.30439096396847,0.9418859979843284,0.3137141814596818,0.6973723718215743,1113719,0.9592202845363098,0.31950707351774377,0.691761207316089,71055615.16468628,0.981928773993389,0.981869283849391,1.008111418284433,1.0112476869646756
50,Graphene,NONE,False,64,0,0.0,Mix0,0.1029973,0.1002005,0.0961603,8221,0,0,0,0,0,0,78864292.35219732,1029973,1002005,961603,0.3680163,0.3680163,0.3680163,0.9998239,0.2798715709059626,3.5730674493409054,0.2722719075214875,3.672799037928953,0.2612935894415546,3.8271126441993215,0.8134370678690048,0.27092979805895795,0.7387064105584453,961603,0.9592202845363098,0.31950707351774377,0.691761207316089,71055615.16468628,0.8480190431567269,0.8479618152926806,1.0678633070861192,1.1098952865218716
51,Hydra,NONE,False,512,0,0.0,Mix0,0.1183785,0.1150968,0.1110839,993,0,0,0,0,0,0,71962089.17876488,1183785,1150968,1110839,0.3680163,0.3680163,0.3680163,0.9998239,0.3216664587954392,3.108810299167501,0.3127491907287802,3.1974503200784037,0.3018450541456995,3.312958043424835,0.936260703669919,0.3118756424201154,0.6981549458543005,1110839,0.9592202845363098,0.31950707351774377,0.691761207316089,71055615.16468628,0.9760643292927343,0.9761149854567944,1.0092426959918988,1.0127572467281813
52,Hydra,NONE,False,64,0,0.0,Mix0,0.0958714,0.0947879,0.0922316,7725,0,0,0,0,0,0,80101202.49594499,958714,947879,922316,0.3680163,0.3680163,0.3680163,0.9998239,0.26050856986497606,3.83864531028023,0.25756440679393816,3.8825240352407855,0.2506182470722085,3.9901324491822763,0.7686912237311228,0.2561628120075276,0.7493817529277915,922316,0.9592202845363098,0.31950707351774377,0.691761207316089,71055615.16468628,0.8013709010571128,0.801743789854786,1.083295427674038,1.1273029205403917
53,BlockHammer,NONE,False,512,0,0.0,Mix0,0.2457472,0.2456146,0.2471863,0,0,0,0,0,0,0,31906989.07455013,2457472,2456146,2471863,0.3680163,0.3680163,0.3680163,0.9998239,0.667761726858294,1.4975401550862024,0.6674014167307263,1.4983486323695743,0.6716721514780731,1.4888215892223802,2.0068352950670936,0.6689395185028898,0.3325985832692737,2456146,0.9592202845363098,0.31950707351774377,0.691761207316089,71055615.16468628,2.0921526863218958,2.093661060889597,0.48079970335384564,0.4490424718806388
54,BlockHammer,NONE,False,64,0,0.0,Mix0,0.0013254,0.0121664,0.0112563,0,0,0,0,0,0,0,3376493473.1967707,13254,121664,112563,0.3680163,0.3680163,0.3680163,0.9998239,0.0036014709131090114,277.66432775011316,0.03305940524916967,30.248578051025774,0.030586416960335722,32.69425121931718,0.0672472931226144,0.008807800829093637,0.996398529086891,13254,0.9592202845363098,0.31950707351774377,0.691761207316089,71055615.16468628,0.07010620418137004,0.027566841422697008,1.440379307987999,47.519023871245636
55,Graphene,MEAN,False,512,32,0.65,Mix2,0.5261524,0.2936544,0.2323152,360,0,0,0,0,0,0,30688613.288110297,5261524,2936544,2323152,1.2375126,0.4868758,0.4320961,0.9998239,0.4251693275688667,2.3520040961516098,0.6031402669839001,1.657989119182277,0.5376470650857529,1.8599562146600825,1.5659566596385197,0.5110776567632341,0.5748306724311333,2323152,0.9061727865827764,0.2988049703286691,0.7341682016005332,60120236.96184244,1.7280994119717739,1.7104054735136325,0.7829686319537758,0.5104539642381645
56,Graphene,MEAN,False,64,32,0.65,Mix2,0.5236093,0.2741054,0.2183036,4328,0,0,0,0,0,0,31733520.82546967,5236093,2741054,2183036,1.2375126,0.4868758,0.4320961,0.9998239,0.42311431818956835,2.3634274639506976,0.5629883432283962,1.7762357107886237,0.5052200193429193,1.9793356591462532,1.491322680760884,0.49027628235303894,0.5768856818104316,2183036,0.9061727865827764,0.2988049703286691,0.7341682016005332,60120236.96184244,1.6457376593538384,1.6407902512925467,0.7857677308180664,0.5278342606269256
57,Hydra,MEAN,False,512,32,0.65,Mix2,0.5262745,0.3014362,0.2389116,361,0,0,0,0,0,0,29691477.514591172,5262745,3014362,2389116,1.2375126,0.4868758,0.4320961,0.9998239,0.42526799323093756,2.351458411912415,0.6191233986162384,1.615186895270044,0.5529131135411776,1.8086024286807336,1.5973045053883537,0.5194582357689297,0.5747320067690624,2389116,0.9061727865827764,0.2988049703286691,0.7341682016005332,60120236.96184244,1.7626930857324352,1.7384524601366373,0.7828342408675699,0.4938682715677914
58,Hydra,MEAN,False,64,32,0.65,Mix2,0.4772311,0.2580726,0.2077992,4087,0,0,0,0,0,0,32642880.22403359,4772311,2580726,2077992,1.2375126,0.4868758,0.4320961,0.9998239,0.3856373664397437,2.5931097114165444,0.5300583844997019,1.8865846277365363,0.480909686525752,2.079392509692049,1.3966054374651977,0.4573807405108861,0.6143626335602563,2077992,0.9061727865827764,0.2988049703286691,0.7341682016005332,60120236.96184244,1.5412131749529443,1.530699907728417,0.8368145504271458,0.5429599395084157
59,Dummy,NONE,False,0,0,0.0,Mix2,0.3289702,0.1669328,0.1285381,0,0,0,0,0,0,0,60120236.96184244,3289702,1669328,1285381,1.2375126,0.4868758,0.4320961,0.9998239,0.2658317983994668,3.761777206567647,0.3428652646116319,2.916597576989064,0.2974757235716777,3.3616188507532008,0.9061727865827764,0.2988049703286691,0.7341682016005332,1285381,0.9061727865827764,0.2988049703286691,0.7341682016005332,60120236.96184244,1.0,1.0,1.0,1.0
60,Graphene,NONE,False,512,0,0.0,Mix2,0.3280035,0.1609086,0.1299066,1008,0,0,0,0,0,0,59132561.79824582,3280035,1609086,1299066,1.2375126,0.4868758,0.4320961,0.9998239,0.26505063463596246,3.772864009073074,0.330492088536748,3.0257910391365037,0.3006428431082808,3.3262059048577974,0.8961855662809912,0.2963003653982167,0.7349493653640375,1299066,0.9061727865827764,0.2988049703286691,0.7341682016005332,60120236.96184244,0.9889786799497173,0.9916179274805988,1.0010640119822696,0.9835716688172156
61,Graphene,NONE,False,64,0,0.0,Mix2,0.2782432,0.1444488,0.1136965,7650,0,0,0,0,0,0,64556457.04243314,2782432,1444488,1136965,1.2375126,0.4868758,0.4320961,0.9998239,0.2248407006118564,4.447593328426355,0.2966851094262643,3.3705769795249254,0.2631278088369694,3.8004344900678557,0.7846536188750901,0.2582065619885334,0.7751592993881435,1136965,0.9061727865827764,0.2988049703286691,0.7341682016005332,60120236.96184244,0.8658984583216836,0.8641307462339745,1.055833387632762,1.0737891316597157
62,Hydra,NONE,False,512,0,0.0,Mix2,0.3282075,0.1627418,0.1310567,1016,0,0,0,0,0,0,58502239.150115944,3282075,1627418,1310567,1.2375126,0.4868758,0.4320961,0.9998239,0.2652154814423707,3.770518955234113,0.33425731983392887,2.9917071090524994,0.30330451952702187,3.2970164821790875,0.9027773208033214,0.29823319063462145,0.7347845185576293,1310567,0.9061727865827764,0.2988049703286691,0.7341682016005332,60120236.96184244,0.9962529598883018,0.9980864451705114,1.0008394765065451,0.9730873014896229
63,Hydra,NONE,False,64,0,0.0,Mix2,0.3234604,0.1513088,0.1301634,7004,0,0,0,0,0,0,55304913.4971889,3234604,1513088,1301634,1.2375126,0.4868758,0.4320961,0.9998239,0.2613794800957986,3.825855035114036,0.3107749450681262,3.2177626152609764,0.3012371553457669,3.3196436171765638,0.8733915805096917,0.28948416165028135,0.7386205199042014,1301634,0.9061727865827764,0.2988049703286691,0.7341682016005332,60120236.96184244,0.9638245524932344,0.9688063800674555,1.0060644390399391,0.9199051150162671
64,BlockHammer,NONE,False,512,0,0.0,Mix2,0.6256624,0.3433474,0.2800391,0,0,0,0,0,0,0,23856558.521649297,6256624,3433474,2800391,1.2375126,0.4868758,0.4320961,0.9998239,0.5055806300477264,1.9779238771580332,0.7052053110875505,1.4180267565736626,0.6480944863885603,1.542984890324244,1.858880427523837,0.6074183364791829,0.49441936995227365,2800391,0.9061727865827764,0.2988049703286691,0.7341682016005332,60120236.96184244,2.051353180152065,2.0328254105380377,0.6734415476922156,0.3968141133041567
65,BlockHammer,NONE,False,64,0,0.0,Mix2,0.006422,0.0003404,0.0004797,0,0,0,0,0,0,0,12798458576.307285,64220,3404,4797,1.2375126,0.4868758,0.4320961,0.9998239,0.005189442111538904,192.69894113983185,0.0006991516111501126,1430.3049353701529,0.0011101697053039821,900.7631853241609,0.0069987634279929985,0.0011886992446203623,0.9993008483888499,3404,0.9061727865827764,0.2988049703286691,0.7341682016005332,60120236.96184244,0.0077234314819645935,0.003978177616365813,1.36113338361742,212.881040113503
66,Graphene,MEAN,False,512,32,0.65,Mix3,0.3351666,0.3336116,0.5883008,504,0,0,0,0,0,0,22551722.93544349,3351666,3336116,5883008,0.5302639,0.5302639,0.9502711,0.9998239,0.6320750856318901,1.5820905185659908,0.6291425835324638,1.5894648147726278,0.6190873320255661,1.6152809923086966,1.88030500118992,0.6267187336083223,0.3809126679744339,3336116,0.8233390403473522,0.2711135984115232,0.7529739437287736,60151974.49308722,2.2837554264360556,2.311646251904437,0.5058776218578438,0.3749124301486592
67,Graphene,MEAN,False,64,32,0.65,Mix3,0.3028133,0.2982882,0.5460142,5942,0,0,0,0,0,0,24188182.161161594,3028133,2982882,5460142,0.5302639,0.5302639,0.9502711,0.9998239,0.5710615035268288,1.7511248680292444,0.5625278281248262,1.7776898315119405,0.574587820254662,1.7403779974953033,1.708177151906317,0.569347179443118,0.43747217187517384,2982882,0.8233390403473522,0.2711135984115232,0.7529739437287736,60151974.49308722,2.074694710438688,2.1000318050402846,0.5809924440529569,0.40211784176662974
68,Hydra,MEAN,False,512,32,0.65,Mix3,0.3420689,0.3421188,0.6037372,490,0,0,0,0,0,0,21941182.534790505,3420689,3421188,6037372,0.5302639,0.5302639,0.9502711,0.9998239,0.6450918118318067,1.5501669400521356,0.64518591591847,1.5499408392640217,0.635331538547263,1.573981361426793,1.9256092662975397,0.6418362828919321,0.364668461452737,3420689,0.8233390403473522,0.2711135984115232,0.7529739437287736,60151974.49308722,2.3387804682323328,2.36740719260304,0.4843042239242386,0.3647624657327255
69,Hydra,MEAN,False,64,32,0.65,Mix3,0.2747467,0.2764558,0.5027329,5323,0,0,0,0,0,0,25474217.67031233,2747467,2764558,5027329,0.5302639,0.5302639,0.9502711,0.9998239,0.5181320093636395,1.9300100783740077,0.5213551214781922,1.9180784053002327,0.5290415545626928,1.8902106864301103,1.5685286854045244,0.5228029963354882,0.48186799063636054,2747467,0.8233390403473522,0.2711135984115232,0.7529739437287736,60151974.49308722,1.9050823640559906,1.9283540161712058,0.6399530749365914,0.42349761391855684
70,Dummy,NONE,False,0,0,0.0,Mix3,0.1368302,0.130989,0.302444,0,0,0,0,0,0,0,60151974.49308722,1368302,1309890,3024440,0.5302639,0.5302639,0.9502711,0.9998239,0.25804170338580473,3.8753425778811983,0.24702605627122645,4.048155952026506,0.3182712806903209,3.1419737207549168,0.8233390403473522,0.2711135984115232,0.7529739437287736,1309890,0.8233390403473522,0.2711135984115232,0.7529739437287736,60151974.49308722,1.0,1.0,1.0,1.0
71,Graphene,NONE,False,512,0,0.0,Mix3,0.1309444,0.1297626,0.2951195,1152,0,0,0,0,0,0,60247075.64043877,1309444,1297626,2951195,0.5302639,0.5302639,0.9502711,0.9998239,0.24694194720779594,4.049534764373276,0.24471324561223196,4.086415500305943,0.3105634802531614,3.219953612011406,0.8022186730731893,0.26417976345835975,0.755286754387768,1297626,0.8233390403473522,0.2711135984115232,0.7529739437287736,60151974.49308722,0.9743479098655973,0.9744246139116983,1.0030715679848645,1.0015810145577597
72,Graphene,NONE,False,64,0,0.0,Mix3,0.1143085,0.1048025,0.2417341,8693,0,0,0,0,0,0,70399717.20020993,1143085,1048025,2417341,0.5302639,0.5302639,0.9502711,0.9998239,0.21556907796287847,4.638884247453165,0.19764215516085482,5.05964934042604,0.25438435410694904,3.9310593747427443,0.6675955872306824,0.22010928779951508,0.8023578448391452,1048025,0.8233390403473522,0.2711135984115232,0.7529739437287736,60151974.49308722,0.8108392223804128,0.8118710720862157,1.065585139461559,1.1703641949160024
73,Hydra,NONE,False,512,0,0.0,Mix3,0.1294954,0.1274688,0.2882894,1153,0,0,0,0,0,0,61235722.75137133,1294954,1274688,2882894,0.5302639,0.5302639,0.9502711,0.9998239,0.24420934557302507,4.0948473845403,0.24038747499122604,4.1599505133805295,0.3033759523992679,3.2962401669988566,0.7879727729635191,0.2597169174873513,0.759612525008774,1274688,0.8233390403473522,0.2711135984115232,0.7529739437287736,60151974.49308722,0.9570453171163696,0.9579634478279733,1.0088164820778867,1.018016835979485
74,Hydra,NONE,False,64,0,0.0,Mix3,0.1089076,0.1112314,0.2488571,8128,0,0,0,0,0,0,66371875.49927645,1089076,1112314,2488571,0.5302639,0.5302639,0.9502711,0.9998239,0.20538377211799633,4.868933848510114,0.20976611834220657,4.767214114000184,0.26188010979182674,3.818541243147172,0.6770300002520296,0.22297059070963535,0.7946162278820037,1089076,0.8233390403473522,0.2711135984115232,0.7529739437287736,60151974.49308722,0.8222979441936856,0.8224249614037743,1.0553037518762136,1.1034031061923668
75,BlockHammer,NONE,False,512,0,0.0,Mix3,0.4022526,0.4048865,0.7025249,0,0,0,0,0,0,0,17248940.550663937,4022526,4048865,7025249,0.5302639,0.5302639,0.9502711,0.9998239,0.758589449517495,1.3182361033837942,0.7635565988934943,1.3096606085903086,0.7392889250236064,1.3526511302304018,2.2614349734345955,0.7536651031277498,0.26071107497639356,4022526,0.8233390403473522,0.2711135984115232,0.7529739437287736,60151974.49308722,2.7466631152101524,2.779886761650966,0.3462418283497782,0.2867560158419441
76,BlockHammer,NONE,False,64,0,0.0,Mix3,0.0006162,0.0005993,0.0004115,0,0,0,0,0,0,0,10579489146.415552,6162,5993,4115,0.5302639,0.5302639,0.9502711,0.9998239,0.0011620628898176926,860.5386238234339,0.0011301919666792328,884.8054396796263,0.0004330343204165632,2309.2857837181045,0.0027252891769134883,0.0007398949134792282,0.9995669656795835,4115,0.8233390403473522,0.2711135984115232,0.7529739437287736,60151974.49308722,0.0033100448823169333,0.002729095544503607,1.3274921051446562,175.8793328992279
77,Graphene,MEAN,False,512,32,0.65,Mix5,0.3653394,0.5155858,0.2776258,432,0,0,0,0,0,0,26769578.67838652,3653394,5155858,2776258,0.4868758,0.9502711,0.5302639,0.9998239,0.7503749416175541,1.3326671035207263,0.5425670632306928,1.8430901316521906,0.5235615700031625,1.9099950364843614,1.8165035748514096,0.589883234525381,0.4764384299968375,2776258,0.9372028736042046,0.3082014752884957,0.7339807593916916,55575864.372637525,1.9382181019843387,1.9139533124337378,0.6491156939750029,0.4816763352324283
78,Graphene,MEAN,False,64,32,0.65,Mix5,0.3284454,0.482878,0.2533738,5357,0,0,0,0,0,0,28165710.42714362,3284454,4828780,2533738,0.4868758,0.9502711,0.5302639,0.9998239,0.6745979159366721,1.482364496503833,0.5081476222943115,1.9679320656563357,0.4778258523727525,2.0928126743964848,1.660571390603736,0.5412124986127068,0.5221741476272475,2533738,0.9372028736042046,0.3082014752884957,0.7339807593916916,55575864.372637525,1.771837707045936,1.7560347435264494,0.7114275693820841,0.5067975234409643
79,Hydra,MEAN,False,512,32,0.65,Mix5,0.3732774,0.5259902,0.2833733,418,0,0,0,0,0,0,26120814.41908959,3732774,5259902,2833733,0.4868758,0.9502711,0.5302639,0.9998239,0.7666788942888514,1.3043270232808095,0.5535159387673685,1.80663270912652,0.5344005126503991,1.8712556899326789,1.854595345706619,0.6021417674049476,0.4655994873496009,2833733,0.9372028736042046,0.3082014752884957,0.7339807593916916,55575864.372637525,1.978862205761699,1.9537277258043806,0.6343483550379172,0.4700028459107517
80,Hydra,MEAN,False,64,32,0.65,Mix5,0.3121014,0.4505941,0.2367952,5024,0,0,0,0,0,0,29344136.196067322,3121014,4505941,2367952,0.4868758,0.9502711,0.5302639,0.9998239,0.6410287798243411,1.5599923614568858,0.4741742645861797,2.1089293002282985,0.4465610425299554,2.2393355101792602,1.561764086940476,0.5077639501351128,0.5534389574700447,2367952,0.9372028736042046,0.3082014752884957,0.7339807593916916,55575864.372637525,1.6664098360415756,1.64750655284766,0.7540237947500472,0.52800143600672
81,Dummy,NONE,False,0,0,0.0,Mix5,0.1716178,0.3028474,0.1410604,0,0,0,0,0,0,0,55575864.372637525,1716178,3028474,1410604,0.4868758,0.9502711,0.5302639,0.9998239,0.35248784186850113,2.8369772832421813,0.3186957911273951,3.1377885364048033,0.26601924060830845,3.75912658690887,0.9372028736042046,0.3082014752884957,0.7339807593916916,1410604,0.9372028736042046,0.3082014752884957,0.7339807593916916,55575864.372637525,1.0,1.0,1.0,1.0
82,Graphene,NONE,False,512,0,0.0,Mix5,0.1693734,0.2935126,0.1342845,1080,0,0,0,0,0,0,57968680.13434165,1693734,2935126,1342845,0.4868758,0.9502711,0.5302639,0.9998239,0.347878041997569,2.874570623250168,0.30887248912441934,3.2375819641132955,0.25324088628322616,3.9488094307235757,0.9099914174052145,0.29818222100498604,0.7467591137167738,1342845,0.9372028736042046,0.3082014752884957,0.7339807593916916,55575864.372637525,0.9709652445960362,0.9674912189367978,1.017409658443462,1.0430549446007755
83,Graphene,NONE,False,64,0,0.0,Mix5,0.1443684,0.2362617,0.1076102,8406,0,0,0,0,0,0,68485819.24041587,1443684,2362617,1076102,0.4868758,0.9502711,0.5302639,0.9998239,0.29651997490941223,3.3724540827494107,0.24862557642761102,4.022112344065924,0.2029370658647515,4.927636041936545,0.7480826172017747,0.24346296918978244,0.7970629341352485,1076102,0.9372028736042046,0.3082014752884957,0.7339807593916916,55575864.372637525,0.7982077715200238,0.7899474490246551,1.0859452702763464,1.232294270426759
84,Hydra,NONE,False,512,0,0.0,Mix5,0.1677664,0.2815956,0.1304901,1137,0,0,0,0,0,0,59530253.990532614,1677664,2815956,1304901,0.4868758,0.9502711,0.5302639,0.9998239,0.34457740557242733,2.9021055467602572,0.2963318572984067,3.3745949865693925,0.24608520398993783,4.063633179835099,0.8869944668607719,0.2901260329906532,0.7539147960100622,1304901,0.9372028736042046,0.3082014752884957,0.7339807593916916,55575864.372637525,0.9464273871137995,0.9413518631572976,1.0271587999594043,1.0711530025224765
85,Hydra,NONE,False,64,0,0.0,Mix5,0.1453588,0.2452775,0.1152788,7860,0,0,0,0,0,0,62737644.89329348,1453588,2452775,1152788,0.4868758,0.9502711,0.5302639,0.9998239,0.29855416925630723,3.3494759175227093,0.25811318475327727,3.8742693479834065,0.21739892155585172,4.5998388255255955,0.7740662755654363,0.25373016987932834,0.7826010784441483,1152788,0.9372028736042046,0.3082014752884957,0.7339807593916916,55575864.372637525,0.8259324606940296,0.8232607246341738,1.066241953117071,1.1288649416702912
86,BlockHammer,NONE,False,512,0,0.0,Mix5,0.3794112,0.6106282,0.3510978,0,0,0,0,0,0,0,19571388.271302186,3794112,6106282,3510978,0.4868758,0.9502711,0.5302639,0.9998239,0.779277179108101,1.2832404525749372,0.6425831533759155,1.5562188251377844,0.662118993957537,1.510302542482465,2.0839793264415536,0.6896929358457105,0.35741684662408446,3510978,0.9372028736042046,0.3082014752884957,0.7339807593916916,55575864.372637525,2.223616022886471,2.237798943694592,0.48695669750294857,0.3521562550979963
87,BlockHammer,NONE,False,64,0,0.0,Mix5,0.0003398,0.0004689,0.0006376,0,0,0,0,0,0,0,12812515328.869926,3398,4689,6376,0.4868758,0.9502711,0.5302639,0.9998239,0.000697919264009425,1432.8304885226603,0.0004934381357067473,2026.5965024525485,0.0012024201534368076,831.6560539523213,0.0023937775531529797,0.000699124199785946,0.9995065618642932,3398,0.9372028736042046,0.3082014752884957,0.7339807593916916,55575864.372637525,0.0025541722294845515,0.0022683999131786195,1.3617612574649287,230.5409996498066
88,Graphene,MEAN,False,512,32,0.65,Mix4,0.4104448,0.6271386,0.3282804,504,0,0,0,0,0,0,22385006.944520604,4104448,6271386,3282804,0.828172,0.9502711,0.3654681,0.9998239,0.49560332877711394,2.0177427025509886,0.6599575636889304,1.5152489417809716,0.8982463859362828,1.113280293310231,2.053807278402327,0.6456789529892191,0.504396671222886,3282804,0.922623030145875,0.2916091295747345,0.7837644837062833,61503945.01180977,2.226052473541227,2.2141932042074233,0.6435564276116259,0.36396050595164775
89,Graphene,MEAN,False,64,32,0.65,Mix4,0.3775475,0.575089,0.2955085,5587,0,0,0,0,0,0,23854158.45483294,3775475,5750890,2955085,0.828172,0.9502711,0.3654681,0.9998239,0.4558805417232169,2.193557102086493,0.6051841416623108,1.6523896301268153,0.8085753585607061,1.2367431055282674,1.8696400419462338,0.5902386523221352,0.5441194582767831,2955085,0.922623030145875,0.2916091295747345,0.7837644837062833,61503945.01180977,2.0264398143742706,2.0240746686597375,0.6942384728939728,0.38784761612043833
90,Hydra,MEAN,False,512,32,0.65,Mix4,0.4104846,0.6397876,0.3379506,505,0,0,0,0,0,0,21649925.072259087,4104846,6397876,3379506,0.828172,0.9502711,0.3654681,0.9998239,0.4956513864269741,2.0175470651030514,0.6732685020095844,1.4852915248748177,0.9247061508241075,1.0814246224152289,2.0936260392606663,0.6544126855303158,0.504348613573026,3379506,0.922623030145875,0.2916091295747345,0.7837644837062833,61503945.01180977,2.269210686112664,2.244143338326453,0.6434951111691752,0.35200872184868703
91,Hydra,MEAN,False,64,32,0.65,Mix4,0.3488417,0.5371504,0.2765855,5260,0,0,0,0,0,0,24875893.765219074,3488417,5371504,2765855,0.828172,0.9502711,0.3654681,0.9998239,0.4212189013876344,2.3740625045686916,0.5652601662830744,1.7690968860862806,0.756797925728675,1.3213566871726827,1.743276993399384,0.5489964632316737,0.5787810986123656,2765855,0.922623030145875,0.2916091295747345,0.7837644837062833,61503945.01180977,1.8894791658558059,1.8826449776531264,0.7384630340423343,0.40446013276778414
92,Dummy,NONE,False,0,0,0.0,Mix4,0.1790802,0.3389142,0.1278179,0,0,0,0,0,0,0,61503945.01180977,1790802,3389142,1278179,0.828172,0.9502711,0.3654681,0.9998239,0.21623551629371676,4.624587196127768,0.35665001282265657,2.8038692388811093,0.34973750102950163,2.859287314218118,0.922623030145875,0.2916091295747345,0.7837644837062833,1278179,0.922623030145875,0.2916091295747345,0.7837644837062833,61503945.01180977,1.0,1.0,1.0,1.0
93,Graphene,NONE,False,512,0,0.0,Mix4,0.167821,0.337806,0.1232382,1152,0,0,0,0,0,0,63234417.443211615,1678210,3378060,1232382,0.828172,0.9502711,0.3654681,0.9998239,0.20264027279357427,4.9348532066904625,0.35548381930167083,2.813067559486806,0.33720644838769787,2.9655423399562797,0.8953305404829429,0.2800214991436779,0.7973597272064257,1232382,0.922623030145875,0.2916091295747345,0.7837644837062833,61503945.01180977,0.9704185905064424,0.9602631424881817,1.0173460826342282,1.0281359582880345
94,Graphene,NONE,False,64,0,0.0,Mix4,0.1377219,0.2617409,0.1013328,8606,0,0,0,0,0,0,72627625.84030047,1377219,2617409,1013328,0.828172,0.9502711,0.3654681,0.9998239,0.16629625246929383,6.0133646137615,0.275438135496281,3.630579324820844,0.27726852220481074,3.6066120742740755,0.7190029101703856,0.22640559362861715,0.8337037475307062,1013328,0.922623030145875,0.2916091295747345,0.7837644837062833,61503945.01180977,0.779303016158945,0.7764009102142778,1.063717181452608,1.180861257377145
95,Hydra,NONE,False,512,0,0.0,Mix4,0.1755728,0.3280606,0.1192633,1152,0,0,0,0,0,0,65233162.9313041,1755728,3280606,1192633,0.828172,0.9502711,0.3654681,0.9998239,0.21200040571282294,4.716972105018545,0.3452284300764276,2.8966328172295,0.3263302597408638,3.064380241029722,0.8835590955301144,0.28095187941608873,0.787999594287177,1192633,0.922623030145875,0.2916091295747345,0.7837644837062833,61503945.01180977,0.9576599181470852,0.9634536470988145,1.0054035500063319,1.0606338002997737
96,Hydra,NONE,False,64,0,0.0,Mix4,0.1539596,0.283427,0.1018394,8051,0,0,0,0,0,0,70956502.79999685,1539596,2834270,1018394,0.828172,0.9502711,0.3654681,0.9998239,0.18590292837719702,5.379151413747502,0.2982590967987977,3.3527896072004433,0.2786546896979517,3.5886709858856203,0.7628167148739464,0.24349439770817105,0.814097071622803,1018394,0.922623030145875,0.2916091295747345,0.7837644837062833,61503945.01180977,0.8267913220780303,0.8350026559980096,1.0387011513625652,1.1536902679392687
97,BlockHammer,NONE,False,512,0,0.0,Mix4,0.4859567,0.7267072,0.3849947,0,0,0,0,0,0,0,17209765.288652025,4859567,7267072,3849947,0.828172,0.9502711,0.3654681,0.9998239,0.5867823350704926,1.7042094491134703,0.7647367156593523,1.3076395830397718,1.0534290133666933,0.9492808602300239,2.404948064096538,0.7573596629003777,0.4132176649295074,3849947,0.922623030145875,0.2916091295747345,0.7837644837062833,61503945.01180977,2.6066421339128008,2.597174045973342,0.5272217273427272,0.2798156327264449
98,BlockHammer,NONE,False,64,0,0.0,Mix4,0.0010468,0.0005259,0.0005304,0,0,0,0,0,0,0,8281609626.35482,10468,5259,5304,0.828172,0.9502711,0.3654681,0.9998239,0.0012639886400409577,791.1463507833397,0.0005534210184861984,1806.9425746339607,0.001451289455906001,689.0424208144797,0.0032686991144331573,0.0009126498712742543,0.9994465789815138,5259,0.922623030145875,0.2916091295747345,0.7837644837062833,61503945.01180977,0.003542832779620022,0.0031297026694781776,1.2751873805959006,134.6516816891114
99,Graphene,MEAN,False,512,32,0.65,Mix8,0.6444304,0.4684264,0.633883,576,0,0,0,0,0,0,15313069.071523296,6444304,4684264,6338830,0.9951966,0.828172,0.9951966,0.9998239,0.6475407974665508,1.544304241388985,0.5656148722729095,1.767987457581383,0.6369424895543252,1.5700004574976771,1.8500981592937855,0.614465481346832,0.4343851277270905,4684264,0.7791811723799458,0.25742630536365674,0.7735336379399449,41233657.308250315,2.37441332629074,2.3869568437413538,0.5615594544588053,0.3713730498618504
100,Graphene,MEAN,False,64,32,0.65,Mix8,0.6127576,0.4378837,0.6095852,4602,0,0,0,0,0,0,15912875.5021025,6127576,4378837,6095852,0.9951966,0.828172,0.9951966,0.9998239,0.6157151260364033,1.6241277137974297,0.5287352144240568,1.8913058421676807,0.6125274141812784,1.6325799904590859,1.7569777546417387,0.5827490493073384,0.4712647855759432,4378837,0.7791811723799458,0.25742630536365674,0.7735336379399449,41233657.308250315,2.254902732409707,2.263750973250811,0.6092363181916737,0.3859195749516631
101,Hydra,MEAN,False,512,32,0.65,Mix8,0.6518208,0.4824288,0.6457793,560,0,0,0,0,0,0,14804013.65574568,6518208,4824288,6457793,0.9951966,0.828172,0.9951966,0.9998239,0.6549668678530453,1.5267947877698902,0.5825224711774848,1.7166719731491984,0.6488962080457268,1.5410785077812188,1.8863855470762567,0.6270188349194848,0.4174775288225152,4824288,0.7791811723799458,0.25742630536365674,0.7735336379399449,41233657.308250315,2.4209845077678724,2.435721687547503,0.5397018414536319,0.3590274213387225
102,Hydra,MEAN,False,64,32,0.65,Mix8,0.6010386,0.4169346,0.5006234,4462,0,0,0,0,0,0,16496422.608905569,6010386,4169346,5006234,0.9951966,0.828172,0.9951966,0.9998239,0.6039395632983473,1.6557948191680203,0.5034396236530575,1.9863355068156974,0.5030397008992997,1.9879146679919475,1.6104188878507046,0.5328554217968239,0.4969602991007003,4169346,0.7791811723799458,0.25742630536365674,0.7735336379399449,41233657.308250315,2.066809292801327,2.069933843956151,0.6424546712980606,0.4000717783916987
103,Dummy,NONE,False,0,0,0.0,Mix8,0.2784945,0.1875531,0.2715654,0,0,0,0,0,0,0,41233657.308250315,2784945,1875531,2715654,0.9951966,0.828172,0.9951966,0.9998239,0.2798386771015898,3.573487447687477,0.22646636206005516,4.415666816490903,0.2728761332183008,3.6646664118477537,0.7791811723799458,0.25742630536365674,0.7735336379399449,1875531,0.7791811723799458,0.25742630536365674,0.7735336379399449,41233657.308250315,1.0,1.0,1.0,1.0
104,Graphene,NONE,False,512,0,0.0,Mix8,0.2707883,0.1882803,0.2713074,1080,0,0,0,0,0,0,40713469.8372586,2707883,1882803,2713074,0.9951966,0.828172,0.9951966,0.9998239,0.27209528247986375,3.6751831596859983,0.2273444405268471,4.398612069345544,0.27261688795962524,3.66815132945139,0.772056610966336,0.25549426452061813,0.7726555594731529,1882803,0.7791811723799458,0.25742630536365674,0.7735336379399449,41233657.308250315,0.9908563480918714,0.9924947808254899,0.9988648477277207,0.9873843965112541
105,Graphene,NONE,False,64,0,0.0,Mix8,0.2456394,0.1570045,0.2456221,7998,0,0,0,0,0,0,46340247.46902159,2456394,1570045,2456221,0.9951966,0.828172,0.9951966,0.9998239,0.24682499920116288,4.051453472040723,0.18957958008722825,5.274829702333373,0.24680761570125945,4.051738829689999,0.6832121949896506,0.2242483977891973,0.8104204199127718,1570045,0.7791811723799458,0.25742630536365674,0.7735336379399449,41233657.308250315,0.8768335519489444,0.8711168715738269,1.0476860735766615,1.1238451908982012
106,Hydra,NONE,False,512,0,0.0,Mix8,0.2738879,0.1857282,0.2719556,1136,0,0,0,0,0,0,41183857.661356755,2738879,1857282,2719556,0.9951966,0.828172,0.9951966,0.9998239,0.2752098429596725,3.6335909691519777,0.2242628342904614,4.459053606291344,0.27326821655138295,3.659408374013993,0.7727408938015168,0.2552745475962592,0.7757371657095387,1857282,0.7791811723799458,0.25742630536365674,0.7735336379399449,41233657.308250315,0.9917345557019073,0.9916412669468343,1.0028486515149646,0.9987922573415869
107,Hydra,NONE,False,64,0,0.0,Mix8,0.2557824,0.1567705,0.2616945,7606,0,0,0,0,0,0,45948580.205619045,2557824,1567705,2616945,0.9951966,0.828172,0.9951966,0.9998239,0.25701695524281337,3.8907938935595254,0.1892970300855378,5.282703059567967,0.26295759049016043,3.802894596562022,0.7092715758185116,0.23118907814335957,0.8107029699144622,1567705,0.7791811723799458,0.25742630536365674,0.7735336379399449,41233657.308250315,0.9102781239594112,0.898078686312835,1.0480513453474445,1.114346463669749
108,BlockHammer,NONE,False,512,0,0.0,Mix8,0.7843197,0.658171,0.7845352,0,0,0,0,0,0,0,9830642.942715496,7843197,6581710,7845352,0.9951966,0.828172,0.9951966,0.9998239,0.7881052849256116,1.2688659994132496,0.7947274237718734,1.2582930575792615,0.7883218250544666,1.2685174610393517,2.3711545337519517,0.7903729376695047,0.2118947150743884,6581710,0.7791811723799458,0.25742630536365674,0.7735336379399449,41233657.308250315,3.0431363305525623,3.070288160928129,0.2739308346547165,0.2384130728260312
109,BlockHammer,NONE,False,64,0,0.0,Mix8,0.0002872,0.0014819,0.0045808,0,0,0,0,0,0,0,15190368610.724234,2872,14819,45808,0.9951966,0.828172,0.9951966,0.9998239,0.0002885861949287206,3465.1692200557104,0.0017893625961756736,558.8582225521291,0.0046029096160497334,217.25388578414248,0.006680858407154128,0.0007073334135883424,0.9997114138050712,2872,0.7791811723799458,0.25742630536365674,0.7735336379399449,41233657.308250315,0.008574204105507306,0.002747712253373323,1.2923955271906173,368.39731429025676
