,mitigation,thresh_type,cache_only,tRH,flat_thresh,dynamic_thresh,trace,ipc_0,ipc_1,ipc_2,ipc_3,VRR,RFM,RRS_reswap,RRS_unswap,RRS_swap,AQUA_migrate,AQUA_r_migrate,total_energy,insn_0,insn_1,insn_2,insn_3,aipc_0,aipc_1,aipc_2,aipc_3,soa_0,aos_0,soa_1,aos_1,soa_2,aos_2,soa_3,aos_3,weighted_speedup,harmonic_speedup,max_slowdown,min_insn,weighted_speedup_base,harmonic_speedup_base,max_slowdown_base,total_energy_base,norm_weighted_speedup,norm_harmonic_speedup,norm_max_slowdown,norm_energy
0,Graphene,MEAN,False,512,32,0.65,Mix5,0.5506586,0.6554786,0.7657952,0.5480884,0,0,0,0,0,0,0,12300729.788753055,5506586,6554786,7657952,5480884,0.828172,0.6452526,0.9502711,0.828172,0.6649084972686833,1.503966341395558,1.0158480570244894,0.984399185572191,0.8058702406081801,1.2408945629327528,0.661805035668919,1.5110190253980926,3.148431830570272,0.7633181195105249,0.338194964331081,5480884,3.148431830570272,0.7633181195105249,0.338194964331081,12300729.788753055,1.0,1.0,1.0,1.0
1,Graphene,MEAN,False,64,32,0.65,Mix5,0.5287986,0.6230201,0.7206602,0.52326,2009,0,0,0,0,0,0,12720490.021690937,5287986,6230201,7206602,5232600,0.828172,0.6452526,0.9502711,0.828172,0.6385130142047787,1.5661387908364357,0.9655445014867046,1.035685044511405,0.7583732684283463,1.318611878385958,0.6318252730109204,1.5827160493827162,2.99425605713075,0.7268562038955549,0.3681747269890796,5232600,3.148431830570272,0.7633181195105249,0.338194964331081,12300729.788753055,0.951030931671277,0.9522323462747734,1.088646389863598,1.0341248234980076
2,Hydra,MEAN,False,512,32,0.65,Mix5,0.5556082,0.6560605,0.7643776,0.549994,0,0,0,0,0,0,0,12271186.167485464,5556082,6560605,7643776,5499940,0.828172,0.6452526,0.9502711,0.828172,0.6708850335437566,1.4905683537427994,1.0167498743902776,0.9835260620019036,0.8043784557901423,1.2431959021300467,0.6641060069647368,1.5057836994585396,3.1561193706889132,0.7658325320923279,0.33589399303526324,5499940,3.148431830570272,0.7633181195105249,0.338194964331081,12300729.788753055,1.0024417044841174,1.0032940559349166,0.993196317099609,0.9975982220750347
3,Hydra,MEAN,False,64,32,0.65,Mix5,0.4770882,0.5851169,0.6641256,0.4831363,2240,0,0,0,0,0,0,13631158.54285434,4770882,5851169,6641256,4831363,0.828172,0.6452526,0.9502711,0.828172,0.5760738107542878,1.7358886679653782,0.9068028551919048,1.1027755308383673,0.6988801406251332,1.4308605179502192,0.5833767623150746,1.7141580957588987,2.7651335688864003,0.6684846315107718,0.42392618924571224,4770882,3.148431830570272,0.7633181195105249,0.338194964331081,12300729.788753055,0.878257404857184,0.8757615133509935,1.2534964560581199,1.108158522051085
4,Dummy,NONE,False,0,0,0.0,Mix5,0.5506586,0.6554786,0.7657952,0.5480884,0,0,0,0,0,0,0,12300729.788753055,5506586,6554786,7657952,5480884,0.828172,0.6452526,0.9502711,0.828172,0.6649084972686833,1.503966341395558,1.0158480570244894,0.984399185572191,0.8058702406081801,1.2408945629327528,0.661805035668919,1.5110190253980926,3.148431830570272,0.7633181195105249,0.338194964331081,5480884,3.148431830570272,0.7633181195105249,0.338194964331081,12300729.788753055,1.0,1.0,1.0,1.0
5,Graphene,NONE,False,512,0,0.0,Mix5,0.5506586,0.6554786,0.7657952,0.5480884,0,0,0,0,0,0,0,12300729.788753055,5506586,6554786,7657952,5480884,0.828172,0.6452526,0.9502711,0.828172,0.6649084972686833,1.503966341395558,1.0158480570244894,0.984399185572191,0.8058702406081801,1.2408945629327528,0.661805035668919,1.5110190253980926,3.148431830570272,0.7633181195105249,0.338194964331081,5480884,3.148431830570272,0.7633181195105249,0.338194964331081,12300729.788753055,1.0,1.0,1.0,1.0
6,Graphene,NONE,False,64,0,0.0,Mix5,0.5226008,0.6285964,0.7305218,0.5238304,2012,0,0,0,0,0,0,12733727.821025148,5226008,6285964,7305218,5238304,0.828172,0.6452526,0.9502711,0.828172,0.6310293030916283,1.5847124612132244,0.9741865433785158,1.0264974473286832,0.7687509385479575,1.3008114200014291,0.632514018827007,1.5809926266211354,3.0064808038451085,0.7281976766578653,0.3689706969083717,5226008,3.148431830570272,0.7633181195105249,0.338194964331081,12300729.788753055,0.9549137366269569,0.9539897691997925,1.0909999728652446,1.035201003493955
7,Hydra,NONE,False,512,0,0.0,Mix5,0.5556082,0.6560605,0.7643776,0.549994,0,0,0,0,0,0,0,12271186.167485464,5556082,6560605,7643776,5499940,0.828172,0.6452526,0.9502711,0.828172,0.6708850335437566,1.4905683537427994,1.0167498743902776,0.9835260620019036,0.8043784557901423,1.2431959021300467,0.6641060069647368,1.5057836994585396,3.1561193706889132,0.7658325320923279,0.33589399303526324,5499940,3.148431830570272,0.7633181195105249,0.338194964331081,12300729.788753055,1.0024417044841174,1.0032940559349166,0.993196317099609,0.9975982220750347
8,Hydra,NONE,False,64,0,0.0,Mix5,0.479853,0.5857521,0.673462,0.4755647,2247,0,0,0,0,0,0,13686766.32485548,4798530,5857521,6734620,4755647,0.828172,0.6452526,0.9502711,0.828172,0.5794122476973382,1.7258868861922299,0.9077872758668466,1.101579661430151,0.7087051263581519,1.4110240815368944,0.5742342170467004,1.7414496912828055,2.770138866969037,0.6689029966279482,0.4257657829532996,4755647,3.148431830570272,0.7633181195105249,0.338194964331081,12300729.788753055,0.879847179815637,0.8763096008475207,1.258935903423121,1.1126792117139035
9,BlockHammer,NONE,False,512,0,0.0,Mix5,0.5625998,0.6219737,0.7680321,0.5319032,0,0,0,0,0,0,0,12617168.498657277,5625998,6219737,7680321,5319032,0.828172,0.6452526,0.9502711,0.828172,0.6793272412011031,1.4720446043528634,0.9639228110045586,1.0374274667883867,0.8082242004413267,1.2372804470021501,0.6422617523896003,1.5569975890349974,3.0937360050365887,0.7541833455890337,0.35773824761039974,5319032,3.148431830570272,0.7633181195105249,0.338194964331081,12300729.788753055,0.9826275973319148,0.9880328087490589,1.0577870321575416,1.0257251980442292
10,BlockHammer,NONE,False,64,0,0.0,Mix5,0.0053523,0.0005994,0.0004256,0.0005713,0,0,0,0,0,0,0,10219232273.554981,53523,5994,4256,5713,0.828172,0.6452526,0.9502711,0.828172,0.006462787923281637,154.7319843805467,0.000928938527330227,1076.4974974974973,0.00044787219141990107,2232.779840225564,0.000689832546862246,1449.6271661123753,0.008529431188894012,0.0008140610339395087,0.99955212780858,4256,3.148431830570272,0.7633181195105249,0.338194964331081,12300729.788753055,0.0027091046107703357,0.001066476758682897,2.9555500028973043,830.7825998176748
11,Graphene,MEAN,False,512,32,0.65,Mix7,0.2463263,0.719895,0.2881344,0.2901504,0,0,0,0,0,0,0,26741298.15056289,2463263,7198950,2881344,2901504,0.3654681,1.2375126,0.6610784,0.6610784,0.6740021906152684,1.4836747030260269,0.5817274102906103,1.7190181901527308,0.435855111889906,2.294340418915617,0.43890467454389676,2.2783990647608965,2.1304893873396815,0.5144408447183714,0.564144888110094,2463263,2.1304893873396815,0.5144408447183714,0.564144888110094,26741298.15056289,1.0,1.0,1.0,1.0
12,Graphene,MEAN,False,64,32,0.65,Mix7,0.2390669,0.6288306,0.2898344,0.2873664,930,0,0,0,0,0,0,27289453.924821887,2390669,6288306,2898344,2873664,0.3654681,1.2375126,0.6610784,0.6610784,0.6541388974851704,1.5287273144044617,0.5081407655970533,1.9679586203343158,0.4384266676993228,2.2808831525864424,0.43469337373600475,2.3004721498407603,2.035399704517551,0.4951695445173687,0.5653066262639952,2390669,2.1304893873396815,0.5144408447183714,0.564144888110094,26741298.15056289,0.9553672112204848,0.9625393271182566,1.0020592904028485,1.0204984728554571
13,Hydra,MEAN,False,512,32,0.65,Mix7,0.2414634,0.7074533,0.2909664,0.2878784,0,0,0,0,0,0,0,27242109.386453602,2414634,7074533,2909664,2878784,0.3654681,1.2375126,0.6610784,0.6610784,0.6606962413408994,1.5135548493063546,0.5716736136666406,1.7492498798153888,0.4401390213324169,2.2720094141454132,0.43546786583860553,2.29638069407083,2.107976742178563,0.5107777399342163,0.5645321341613945,2414634,2.1304893873396815,0.5144408447183714,0.564144888110094,26741298.15056289,0.9894331108641522,0.9928794441153668,1.000686430134283,1.018728007633398
14,Hydra,MEAN,False,64,32,0.65,Mix7,0.2269202,0.5825071,0.2754144,0.2739864,1092,0,0,0,0,0,0,28422917.310248274,2269202,5825071,2754144,2739864,0.3654681,1.2375126,0.6610784,0.6610784,0.6209028913877845,1.6105578084278087,0.4707080154173784,2.124459255518087,0.4166138237159163,2.400304414003044,0.4144537168360062,2.4128146506541928,1.9226784473570855,0.46793826628655333,0.5855462831639938,2269202,2.1304893873396815,0.5144408447183714,0.564144888110094,26741298.15056289,0.9024585894595386,0.9096055865134975,1.037935990389978,1.0628847242275703
15,Dummy,NONE,False,0,0,0.0,Mix7,0.2463263,0.719895,0.2881344,0.2901504,0,0,0,0,0,0,0,26741298.15056289,2463263,7198950,2881344,2901504,0.3654681,1.2375126,0.6610784,0.6610784,0.6740021906152684,1.4836747030260269,0.5817274102906103,1.7190181901527308,0.435855111889906,2.294340418915617,0.43890467454389676,2.2783990647608965,2.1304893873396815,0.5144408447183714,0.564144888110094,2463263,2.1304893873396815,0.5144408447183714,0.564144888110094,26741298.15056289,1.0,1.0,1.0,1.0
16,Graphene,NONE,False,512,0,0.0,Mix7,0.2463263,0.719895,0.2881344,0.2901504,0,0,0,0,0,0,0,26741298.15056289,2463263,7198950,2881344,2901504,0.3654681,1.2375126,0.6610784,0.6610784,0.6740021906152684,1.4836747030260269,0.5817274102906103,1.7190181901527308,0.435855111889906,2.294340418915617,0.43890467454389676,2.2783990647608965,2.1304893873396815,0.5144408447183714,0.564144888110094,2463263,2.1304893873396815,0.5144408447183714,0.564144888110094,26741298.15056289,1.0,1.0,1.0,1.0
17,Graphene,NONE,False,64,0,0.0,Mix7,0.2306665,0.6849112,0.2804584,0.2852584,907,0,0,0,0,0,0,28313722.378954034,2306665,6849112,2804584,2852584,0.3654681,1.2375126,0.6610784,0.6610784,0.6311535808460437,1.5844004222546404,0.5534579607512683,1.806821964657608,0.4242437810704449,2.3571353184643424,0.43150464453232784,2.3174721585762237,2.040359967200085,0.4959192132078674,0.5757562189295551,2306665,2.1304893873396815,0.5144408447183714,0.564144888110094,26741298.15056289,0.9576954381114565,0.9639965766702612,1.0205821785576388,1.0588013423857676
18,Hydra,NONE,False,512,0,0.0,Mix7,0.2414634,0.7074533,0.2909664,0.2878784,0,0,0,0,0,0,0,27242109.386453602,2414634,7074533,2909664,2878784,0.3654681,1.2375126,0.6610784,0.6610784,0.6606962413408994,1.5135548493063546,0.5716736136666406,1.7492498798153888,0.4401390213324169,2.2720094141454132,0.43546786583860553,2.29638069407083,2.107976742178563,0.5107777399342163,0.5645321341613945,2414634,2.1304893873396815,0.5144408447183714,0.564144888110094,26741298.15056289,0.9894331108641522,0.9928794441153668,1.000686430134283,1.018728007633398
19,Hydra,NONE,False,64,0,0.0,Mix7,0.221803,0.6354763,0.2643664,0.2629504,1147,0,0,0,0,0,0,29049329.54017755,2218030,6354763,2643664,2629504,0.3654681,1.2375126,0.6610784,0.6610784,0.6069011221499222,1.647714864091108,0.513510973544835,1.9473780532806653,0.39990173631448256,2.500614298942679,0.39775978159322706,2.5140802219734217,1.9180736136024668,0.4645875439632726,0.602240218406773,2218030,2.1304893873396815,0.5144408447183714,0.564144888110094,26741298.15056289,0.9002971922791617,0.9030922578039254,1.06752756446008,1.0863096240361867
20,BlockHammer,NONE,False,512,0,0.0,Mix7,0.2463263,0.719895,0.2881344,0.2901504,0,0,0,0,0,0,0,26741298.15056289,2463263,7198950,2881344,2901504,0.3654681,1.2375126,0.6610784,0.6610784,0.6740021906152684,1.4836747030260269,0.5817274102906103,1.7190181901527308,0.435855111889906,2.294340418915617,0.43890467454389676,2.2783990647608965,2.1304893873396815,0.5144408447183714,0.564144888110094,2463263,2.1304893873396815,0.5144408447183714,0.564144888110094,26741298.15056289,1.0,1.0,1.0,1.0
21,BlockHammer,NONE,False,64,0,0.0,Mix7,0.000536,0.0063025,0.0003944,0.0004024,0,0,0,0,0,0,0,11015791826.191685,5360,63025,3944,4024,0.3654681,1.2375126,0.6610784,0.6610784,0.0014666122706742395,681.8434701492538,0.005092877438177195,196.3526537088457,0.0005966009477847106,1676.1622718052738,0.0006087023868878488,1642.838966202783,0.007764793043523994,0.0009530168955937592,0.9994033990522153,3944,2.1304893873396815,0.5144408447183714,0.564144888110094,26741298.15056289,0.0036446053614093824,0.0018525296064224538,1.7715367454631261,411.9393069165495
22,Graphene,MEAN,False,512,32,0.65,Mix4,0.4095759,0.272041,0.4008893,0.3117935,0,0,0,0,0,0,0,25183197.17662044,4095759,2720410,4008893,3117935,0.9951966,0.3137977,0.6452526,0.5302639,0.4115527524913168,2.4298221648295226,0.8669311470415493,1.1534941424270608,0.6212904837578338,1.609553061156783,0.587996844590024,1.7006893985923375,2.487771227880724,0.5802518169780463,0.5884472475086833,2720410,2.487771227880724,0.5802518169780463,0.5884472475086833,25183197.17662044,1.0,1.0,1.0,1.0
23,Graphene,MEAN,False,64,32,0.65,Mix4,0.3956336,0.262786,0.3711475,0.2913618,1759,0,0,0,0,0,0,25777156.148443986,3956336,2627860,3711475,2913618,0.9951966,0.3137977,0.6452526,0.5302639,0.39754315880902324,2.5154501538797516,0.8374376230291044,1.1941187886721514,0.5751972173378302,1.7385341407391939,0.549465652857002,1.819949972851623,2.35964365203296,0.5503537149635047,0.6024568411909768,2627860,2.487771227880724,0.5802518169780463,0.5884472475086833,25183197.17662044,0.9484970424885437,0.9484739191852065,1.0238077308401154,1.023585526796215
24,Hydra,MEAN,False,512,32,0.65,Mix4,0.4062028,0.2704389,0.3972145,0.311017,0,0,0,0,0,0,0,25304766.099662438,4062028,2704389,3972145,3110170,0.9951966,0.3137977,0.6452526,0.5302639,0.40816337194078034,2.4499993599256333,0.861825628422388,1.160327526846175,0.6155953497901443,1.6244437199548352,0.5865324793937509,1.7049354215364434,2.4721168295470637,0.5763932915471269,0.5918366280592197,2704389,2.487771227880724,0.5802518169780463,0.5884472475086833,25183197.17662044,0.9937074606546535,0.9933502570469929,1.0057598715345957,1.0048273824085712
25,Hydra,MEAN,False,64,32,0.65,Mix4,0.363486,0.2383525,0.3078623,0.2683973,1815,0,0,0,0,0,0,27737713.54663786,3634860,2383525,3078623,2683973,0.9951966,0.3137977,0.6452526,0.5302639,0.365240395716786,2.7379227810699724,0.7595737636062979,1.3165278316778721,0.4771190383425034,2.0959130104595465,0.5061579715307793,1.975667788014261,2.1080911691963666,0.4922452052641829,0.634759604283214,2383525,2.487771227880724,0.5802518169780463,0.5884472475086833,25183197.17662044,0.8473814414970149,0.8483303125663576,1.0787026483182713,1.1014373334768224
26,Dummy,NONE,False,0,0,0.0,Mix4,0.4095759,0.272041,0.4008893,0.3117935,0,0,0,0,0,0,0,25183197.17662044,4095759,2720410,4008893,3117935,0.9951966,0.3137977,0.6452526,0.5302639,0.4115527524913168,2.4298221648295226,0.8669311470415493,1.1534941424270608,0.6212904837578338,1.609553061156783,0.587996844590024,1.7006893985923375,2.487771227880724,0.5802518169780463,0.5884472475086833,2720410,2.487771227880724,0.5802518169780463,0.5884472475086833,25183197.17662044,1.0,1.0,1.0,1.0
27,Graphene,NONE,False,512,0,0.0,Mix4,0.4095759,0.272041,0.4008893,0.3117935,0,0,0,0,0,0,0,25183197.17662044,4095759,2720410,4008893,3117935,0.9951966,0.3137977,0.6452526,0.5302639,0.4115527524913168,2.4298221648295226,0.8669311470415493,1.1534941424270608,0.6212904837578338,1.609553061156783,0.587996844590024,1.7006893985923375,2.487771227880724,0.5802518169780463,0.5884472475086833,2720410,2.487771227880724,0.5802518169780463,0.5884472475086833,25183197.17662044,1.0,1.0,1.0,1.0
28,Graphene,NONE,False,64,0,0.0,Mix4,0.3956336,0.262786,0.3711475,0.2913618,1759,0,0,0,0,0,0,25777156.148443986,3956336,2627860,3711475,2913618,0.9951966,0.3137977,0.6452526,0.5302639,0.39754315880902324,2.5154501538797516,0.8374376230291044,1.1941187886721514,0.5751972173378302,1.7385341407391939,0.549465652857002,1.819949972851623,2.35964365203296,0.5503537149635047,0.6024568411909768,2627860,2.487771227880724,0.5802518169780463,0.5884472475086833,25183197.17662044,0.9484970424885437,0.9484739191852065,1.0238077308401154,1.023585526796215
29,Hydra,NONE,False,512,0,0.0,Mix4,0.4062028,0.2704389,0.3972145,0.311017,0,0,0,0,0,0,0,25304766.099662438,4062028,2704389,3972145,3110170,0.9951966,0.3137977,0.6452526,0.5302639,0.40816337194078034,2.4499993599256333,0.861825628422388,1.160327526846175,0.6155953497901443,1.6244437199548352,0.5865324793937509,1.7049354215364434,2.4721168295470637,0.5763932915471269,0.5918366280592197,2704389,2.487771227880724,0.5802518169780463,0.5884472475086833,25183197.17662044,0.9937074606546535,0.9933502570469929,1.0057598715345957,1.0048273824085712
30,Hydra,NONE,False,64,0,0.0,Mix4,0.363486,0.2383525,0.3078623,0.2683973,1815,0,0,0,0,0,0,27737713.54663786,3634860,2383525,3078623,2683973,0.9951966,0.3137977,0.6452526,0.5302639,0.365240395716786,2.7379227810699724,0.7595737636062979,1.3165278316778721,0.4771190383425034,2.0959130104595465,0.5061579715307793,1.975667788014261,2.1080911691963666,0.4922452052641829,0.634759604283214,2383525,2.487771227880724,0.5802518169780463,0.5884472475086833,25183197.17662044,0.8473814414970149,0.8483303125663576,1.0787026483182713,1.1014373334768224
31,BlockHammer,NONE,False,512,0,0.0,Mix4,0.4079086,0.2706743,0.3770545,0.3091942,0,0,0,0,0,0,0,25258966.04332218,4079086,2706743,3770545,3091942,0.9951966,0.3137977,0.6452526,0.5302639,0.40987740512779086,2.4397539056543547,0.8625757932578855,1.1593184133107577,0.5843517716937523,1.7112979688612653,0.5830949457430535,1.7149865683120837,2.4398999158224823,0.5693660951194198,0.5901225948722091,2706743,2.487771227880724,0.5802518169780463,0.5884472475086833,25183197.17662044,0.98075734958193,0.98123965916157,1.0028470646614778,1.003008707201486
32,BlockHammer,NONE,False,64,0,0.0,Mix4,0.0014953,0.0010572,0.0005715,0.0007365,0,0,0,0,0,0,0,7603583375.984252,14953,10572,5715,7365,0.9951966,0.3137977,0.6452526,0.5302639,0.0015025171910756127,665.5497893399317,0.0033690495500763706,296.81961785849415,0.0008856996469289701,1129.0509186351705,0.0013889310586672032,719.978139850645,0.007146197446748157,0.0014227794632542333,0.999114300353071,5715,2.487771227880724,0.5802518169780463,0.5884472475086833,25183197.17662044,0.0028725299845339235,0.0024520034606079722,1.6978825282691594,301.93082008837473
33,Graphene,MEAN,False,512,32,0.65,Mix1,1.0643406,0.8325581,1.0660676,0.494827,0,0,0,0,0,0,0,14073720.277490925,10643406,8325581,10660676,4948270,1.432896,1.2375126,1.432896,0.6452526,0.7427898465764438,1.3462758068234923,0.6727673722271594,1.486397886225598,0.7439950980392157,1.3440948772854553,0.7668733144198102,1.303996346197762,2.926425631262629,0.7298251358919458,0.32723262777284057,4948270,2.926425631262629,0.7298251358919458,0.32723262777284057,14073720.277490925,1.0,1.0,1.0,1.0
34,Graphene,MEAN,False,64,32,0.65,Mix1,1.0564014,0.7899927,1.0616166,0.4497013,1387,0,0,0,0,0,0,15382337.278655853,10564014,7899927,10616166,4497013,1.432896,1.2375126,1.432896,0.6452526,0.73724917928447,1.3563935072407136,0.6383714396120087,1.566486120694533,0.7408888014203404,1.3497302133369051,0.6969383773114592,1.4348470862770464,2.813447797628278,0.7008375272518463,0.3616285603879913,4497013,2.926425631262629,0.7298251358919458,0.32723262777284057,14073720.277490925,0.9613939160361968,0.9602814328877936,1.105111561916215,1.092983019085429
35,Hydra,MEAN,False,512,32,0.65,Mix1,1.0643982,0.8316682,1.0622334,0.490651,0,0,0,0,0,0,0,14202610.516436327,10643982,8316682,10622334,4906510,1.432896,1.2375126,1.432896,0.6452526,0.7428300448881148,1.3462029529925923,0.6720482684378324,1.487988358819058,0.7413192583411496,1.3489464744753836,0.7604014303855576,1.3150948433815481,2.9165990020526547,0.7275065042566431,0.3279517315621676,4906510,2.926425631262629,0.7298251358919458,0.32723262777284057,14073720.277490925,0.9966421052682845,0.9968230312697178,1.0021975308337108,1.0091582208828993
36,Hydra,MEAN,False,64,32,0.65,Mix1,1.001012,0.7377753,1.0025736,0.4236784,1466,0,0,0,0,0,0,16021314.293164345,10010120,7377753,10025736,4236784,1.432896,1.2375126,1.432896,0.6452526,0.6985936174014025,1.4314473752562407,0.5961759904505215,1.6773570489551495,0.6996834382955917,1.4292177651595852,0.656608590186231,1.5229773337512602,2.6510616363337465,0.6599571547135609,0.4038240095494785,4236784,2.926425631262629,0.7298251358919458,0.32723262777284057,14073720.277490925,0.9059043250622177,0.9042675049921421,1.234057900332012,1.138385158811799
37,Dummy,NONE,False,0,0,0.0,Mix1,1.0643406,0.8325581,1.0660676,0.494827,0,0,0,0,0,0,0,14073720.277490925,10643406,8325581,10660676,4948270,1.432896,1.2375126,1.432896,0.6452526,0.7427898465764438,1.3462758068234923,0.6727673722271594,1.486397886225598,0.7439950980392157,1.3440948772854553,0.7668733144198102,1.303996346197762,2.926425631262629,0.7298251358919458,0.32723262777284057,4948270,2.926425631262629,0.7298251358919458,0.32723262777284057,14073720.277490925,1.0,1.0,1.0,1.0
38,Graphene,NONE,False,512,0,0.0,Mix1,1.0643406,0.8325581,1.0660676,0.494827,0,0,0,0,0,0,0,14073720.277490925,10643406,8325581,10660676,4948270,1.432896,1.2375126,1.432896,0.6452526,0.7427898465764438,1.3462758068234923,0.6727673722271594,1.486397886225598,0.7439950980392157,1.3440948772854553,0.7668733144198102,1.303996346197762,2.926425631262629,0.7298251358919458,0.32723262777284057,4948270,2.926425631262629,0.7298251358919458,0.32723262777284057,14073720.277490925,1.0,1.0,1.0,1.0
39,Graphene,NONE,False,64,0,0.0,Mix1,1.0564014,0.7899927,1.0616166,0.4497013,1387,0,0,0,0,0,0,15382337.278655853,10564014,7899927,10616166,4497013,1.432896,1.2375126,1.432896,0.6452526,0.73724917928447,1.3563935072407136,0.6383714396120087,1.566486120694533,0.7408888014203404,1.3497302133369051,0.6969383773114592,1.4348470862770464,2.813447797628278,0.7008375272518463,0.3616285603879913,4497013,2.926425631262629,0.7298251358919458,0.32723262777284057,14073720.277490925,0.9613939160361968,0.9602814328877936,1.105111561916215,1.092983019085429
40,Hydra,NONE,False,512,0,0.0,Mix1,1.0643982,0.8316682,1.0622334,0.490651,0,0,0,0,0,0,0,14202610.516436327,10643982,8316682,10622334,4906510,1.432896,1.2375126,1.432896,0.6452526,0.7428300448881148,1.3462029529925923,0.6720482684378324,1.487988358819058,0.7413192583411496,1.3489464744753836,0.7604014303855576,1.3150948433815481,2.9165990020526547,0.7275065042566431,0.3279517315621676,4906510,2.926425631262629,0.7298251358919458,0.32723262777284057,14073720.277490925,0.9966421052682845,0.9968230312697178,1.0021975308337108,1.0091582208828993
41,Hydra,NONE,False,64,0,0.0,Mix1,1.001012,0.7377753,1.0025736,0.4236784,1466,0,0,0,0,0,0,16021314.293164345,10010120,7377753,10025736,4236784,1.432896,1.2375126,1.432896,0.6452526,0.6985936174014025,1.4314473752562407,0.5961759904505215,1.6773570489551495,0.6996834382955917,1.4292177651595852,0.656608590186231,1.5229773337512602,2.6510616363337465,0.6599571547135609,0.4038240095494785,4236784,2.926425631262629,0.7298251358919458,0.32723262777284057,14073720.277490925,0.9059043250622177,0.9042675049921421,1.234057900332012,1.138385158811799
42,BlockHammer,NONE,False,512,0,0.0,Mix1,1.0859485,0.8342372,1.0758225,0.4344101,0,0,0,0,0,0,0,15963372.972624255,10859485,8342372,10758225,4344101,1.432896,1.2375126,1.432896,0.6452526,0.7578697267631427,1.31948798676917,0.6741242068969641,1.4834061583444134,0.7508029194023851,1.3319074475575665,0.6732403712902514,1.4853535863922132,2.856037224352743,0.7117241201632848,0.3267596287097486,4344101,2.926425631262629,0.7298251358919458,0.32723262777284057,14073720.277490925,0.9759473105491097,0.9751981470101889,0.9985545479791816,1.1342681720167185
43,BlockHammer,NONE,False,64,0,0.0,Mix1,0.007077,0.0063476,0.0070258,0.0009905,0,0,0,0,0,0,0,4401972364.967188,70770,63476,70258,9905,1.432896,1.2375126,1.432896,0.6452526,0.004938948814149806,202.47223399745656,0.00512932151155471,194.9575587623669,0.004903216981553441,203.94773548919696,0.001535057743277594,651.4412922766279,0.016506545050535552,0.003192800055734883,0.9984649422567224,9905,2.926425631262629,0.7298251358919458,0.32723262777284057,14073720.277490925,0.005640514105056439,0.004374746632743535,3.0512389582063317,312.77958337764943
44,Graphene,MEAN,False,512,32,0.65,Mix3,0.4413678,1.4627219,0.3663518,0.638645,0,0,0,0,0,0,0,19006926.716342054,4413678,14627219,3663518,6386450,0.5419678,1.432896,0.5302639,0.9502711,0.8143801163094929,1.227927818930153,1.0208151184733576,0.9796093160292465,0.6908858023335174,1.4474172093599649,0.6720661082926757,1.4879488604780433,3.198147145409044,0.7777708116825368,0.32793389170732434,3663518,3.198147145409044,0.7777708116825368,0.32793389170732434,19006926.716342054,1.0,1.0,1.0,1.0
45,Graphene,MEAN,False,64,32,0.65,Mix3,0.4165276,1.2820571,0.3272315,0.5943847,2577,0,0,0,0,0,0,20840373.078768395,4165276,12820571,3272315,5943847,0.5419678,1.432896,0.5302639,0.9502711,0.7685467660624856,1.3011569941583703,0.8947314389878959,1.1176538080870189,0.6171106499989911,1.6204549378650894,0.6254896102806873,1.5987475787987142,2.9058784653300602,0.7094697677610124,0.3828893500010089,3272315,3.198147145409044,0.7777708116825368,0.32793389170732434,19006926.716342054,0.9086131229144547,0.9121835855812459,1.1675809048206929,1.0964620103917144
46,Hydra,MEAN,False,512,32,0.65,Mix3,0.4396863,1.4425232,0.3661956,0.6393492,0,0,0,0,0,0,0,19020753.242939025,4396863,14425232,3661956,6393492,0.5419678,1.432896,0.5302639,0.9502711,0.81127753346232,1.232623804744428,1.006718701147885,0.9933261385328153,0.6905912320261666,1.4480346022726651,0.672807159977821,1.486309985216217,3.1813946266141926,0.7751495532186491,0.32719284002217897,3661956,3.198147145409044,0.7777708116825368,0.32793389170732434,19006926.716342054,0.9947618048722681,0.9966297803613674,0.9977402406281118,1.0007274467252554
47,Hydra,MEAN,False,64,32,0.65,Mix3,0.3671826,1.1542995,0.2939493,0.5337535,2506,0,0,0,0,0,0,22581043.172240928,3671826,11542995,2939493,5337535,0.5419678,1.432896,0.5302639,0.9502711,0.677498921522644,1.4760171097432175,0.8055710253919336,1.241355471435273,0.5543452986333787,1.803929793335109,0.5616855021688021,1.780355726004607,2.5991007477167587,0.6347535737730784,0.44565470136662133,2939493,3.198147145409044,0.7777708116825368,0.32793389170732434,19006926.716342054,0.8126895447721286,0.8161190472035432,1.3589772592469975,1.188042838762874
48,Dummy,NONE,False,0,0,0.0,Mix3,0.4413678,1.4627219,0.3663518,0.638645,0,0,0,0,0,0,0,19006926.716342054,4413678,14627219,3663518,6386450,0.5419678,1.432896,0.5302639,0.9502711,0.8143801163094929,1.227927818930153,1.0208151184733576,0.9796093160292465,0.6908858023335174,1.4474172093599649,0.6720661082926757,1.4879488604780433,3.198147145409044,0.7777708116825368,0.32793389170732434,3663518,3.198147145409044,0.7777708116825368,0.32793389170732434,19006926.716342054,1.0,1.0,1.0,1.0
49,Graphene,NONE,False,512,0,0.0,Mix3,0.4413678,1.4627219,0.3663518,0.638645,0,0,0,0,0,0,0,19006926.716342054,4413678,14627219,3663518,6386450,0.5419678,1.432896,0.5302639,0.9502711,0.8143801163094929,1.227927818930153,1.0208151184733576,0.9796093160292465,0.6908858023335174,1.4474172093599649,0.6720661082926757,1.4879488604780433,3.198147145409044,0.7777708116825368,0.32793389170732434,3663518,3.198147145409044,0.7777708116825368,0.32793389170732434,19006926.716342054,1.0,1.0,1.0,1.0
50,Graphene,NONE,False,64,0,0.0,Mix3,0.4143808,1.319611,0.325237,0.5931439,2580,0,0,0,0,0,0,20955412.368518956,4143808,13196110,3252370,5931439,0.5419678,1.432896,0.5302639,0.9502711,0.7645856451250425,1.307897952800902,0.9209398309437671,1.0858472686268907,0.6133493153126207,1.6303922985392192,0.6241838776323935,1.6020920049923806,2.9230586690138236,0.7109557088375044,0.3866506846873793,3252370,3.198147145409044,0.7777708116825368,0.32793389170732434,19006926.716342054,0.9139850470013203,0.9140940983623536,1.1790507003541395,1.1025145033311252
51,Hydra,NONE,False,512,0,0.0,Mix3,0.4396863,1.4425232,0.3661956,0.6393492,0,0,0,0,0,0,0,19020753.242939025,4396863,14425232,3661956,6393492,0.5419678,1.432896,0.5302639,0.9502711,0.81127753346232,1.232623804744428,1.006718701147885,0.9933261385328153,0.6905912320261666,1.4480346022726651,0.672807159977821,1.486309985216217,3.1813946266141926,0.7751495532186491,0.32719284002217897,3661956,3.198147145409044,0.7777708116825368,0.32793389170732434,19006926.716342054,0.9947618048722681,0.9966297803613674,0.9977402406281118,1.0007274467252554
52,Hydra,NONE,False,64,0,0.0,Mix3,0.3626274,1.1682333,0.2946829,0.5269873,2449,0,0,0,0,0,0,22510589.452679474,3626274,11682333,2946829,5269873,0.5419678,1.432896,0.5302639,0.9502711,0.6690939941450396,1.4945583262599573,0.8152952482245747,1.2265495256812144,0.5557287607170694,1.799438990182328,0.5545652182834983,1.8032144228143638,2.594683221370182,0.6325349475442767,0.44543478171650175,2946829,3.198147145409044,0.7777708116825368,0.32793389170732434,19006926.716342054,0.8113082680060117,0.8132665022179554,1.3583066373452033,1.1843360996033614
53,BlockHammer,NONE,False,512,0,0.0,Mix3,0.4413678,1.4627219,0.3663518,0.638645,0,0,0,0,0,0,0,19006926.716342054,4413678,14627219,3663518,6386450,0.5419678,1.432896,0.5302639,0.9502711,0.8143801163094929,1.227927818930153,1.0208151184733576,0.9796093160292465,0.6908858023335174,1.4474172093599649,0.6720661082926757,1.4879488604780433,3.198147145409044,0.7777708116825368,0.32793389170732434,3663518,3.198147145409044,0.7777708116825368,0.32793389170732434,19006926.716342054,1.0,1.0,1.0,1.0
54,BlockHammer,NONE,False,64,0,0.0,Mix3,0.0003242,0.0071538,0.0006219,0.0006364,0,0,0,0,0,0,0,13429964805.675508,3242,71538,6219,6364,0.5419678,1.432896,0.5302639,0.9502711,0.0005981905198057892,1671.7082048118443,0.004992546563044352,200.29858257150045,0.0011728122544265222,852.6513908988584,0.0006697036245761867,1493.1978315524827,0.0074332529618528495,0.0009483491116513424,0.9994018094801942,3242,3.198147145409044,0.7777708116825368,0.32793389170732434,19006926.716342054,0.0023242373236401336,0.001219316921394616,3.047570973152552,706.5826583173226
55,Graphene,MEAN,False,512,32,0.65,Mix6,0.3129408,0.2730671,1.0637262,0.2749236,0,0,0,0,0,0,0,25387992.12263213,3129408,2730671,10637262,2749236,0.5419678,0.4320961,1.432896,0.4320961,0.5774158538570004,1.7318540759146777,0.6319591868568126,1.5823806676088037,0.7423610645852875,1.3470534052841792,0.6362556847886385,1.5716951909548689,2.587991790087739,0.6417472632218517,0.42258414614299955,2730671,2.587991790087739,0.6417472632218517,0.42258414614299955,25387992.12263213,1.0,1.0,1.0,1.0
56,Graphene,MEAN,False,64,32,0.65,Mix6,0.299641,0.2547721,0.9941077,0.2527511,2656,0,0,0,0,0,0,26722027.81461683,2996410,2547721,9941077,2527511,0.5419678,0.4320961,1.432896,0.4320961,0.5528760195716425,1.8087237727814285,0.5896190685359114,1.6960102774204866,0.6937751937335299,1.4413890969761123,0.5849418682556959,1.7095715903907045,2.42121215009678,0.6009891014714965,0.44712398042835755,2527511,2.587991790087739,0.6417472632218517,0.42258414614299955,25387992.12263213,0.9355563488919318,0.9364887642126725,1.0580708824723726,1.0525459313812955
57,Hydra,MEAN,False,512,32,0.65,Mix6,0.3118802,0.2779649,1.0597278,0.2762971,0,0,0,0,0,0,0,25135482.38472283,3118802,2779649,10597278,2762971,0.5419678,0.4320961,1.432896,0.4320961,0.5754589110275555,1.7377435310096634,0.6432941653488657,1.554498787436831,0.7395706317834652,1.3521358975389717,0.6394343758251927,1.5638821399138825,2.597758083985079,0.6443028756355286,0.42454108897244447,2762971,2.587991790087739,0.6417472632218517,0.42258414614299955,25387992.12263213,1.003773695857439,1.0039822723993346,1.004630895047309,0.9900539697393319
58,Hydra,MEAN,False,64,32,0.65,Mix6,0.2688758,0.2325996,0.9804232,0.2336781,2472,0,0,0,0,0,0,28326732.112823922,2688758,2325996,9804232,2336781,0.5419678,0.4320961,1.432896,0.4320961,0.4961102855188076,2.015680845951923,0.5383052520029687,1.8576820424454727,0.6842249542185895,1.4615076428219975,0.5408012245424109,1.849108239069044,2.259441716282777,0.5567945184558779,0.5038897144811925,2325996,2.587991790087739,0.6417472632218517,0.42258414614299955,25387992.12263213,0.8730482549970441,0.8676227393016467,1.1924008959642316,1.1157531472357773
59,Dummy,NONE,False,0,0,0.0,Mix6,0.3129408,0.2730671,1.0637262,0.2749236,0,0,0,0,0,0,0,25387992.12263213,3129408,2730671,10637262,2749236,0.5419678,0.4320961,1.432896,0.4320961,0.5774158538570004,1.7318540759146777,0.6319591868568126,1.5823806676088037,0.7423610645852875,1.3470534052841792,0.6362556847886385,1.5716951909548689,2.587991790087739,0.6417472632218517,0.42258414614299955,2730671,2.587991790087739,0.6417472632218517,0.42258414614299955,25387992.12263213,1.0,1.0,1.0,1.0
60,Graphene,NONE,False,512,0,0.0,Mix6,0.3129408,0.2730671,1.0637262,0.2749236,0,0,0,0,0,0,0,25387992.12263213,3129408,2730671,10637262,2749236,0.5419678,0.4320961,1.432896,0.4320961,0.5774158538570004,1.7318540759146777,0.6319591868568126,1.5823806676088037,0.7423610645852875,1.3470534052841792,0.6362556847886385,1.5716951909548689,2.587991790087739,0.6417472632218517,0.42258414614299955,2730671,2.587991790087739,0.6417472632218517,0.42258414614299955,25387992.12263213,1.0,1.0,1.0,1.0
61,Graphene,NONE,False,64,0,0.0,Mix6,0.2958385,0.2536349,1.0047992,0.2520911,2639,0,0,0,0,0,0,26789316.27792493,2958385,2536349,10047992,2520911,0.5419678,0.4320961,1.432896,0.4320961,0.5458599200911937,1.8319718359848363,0.5869872465870439,1.7036145262343627,0.7012366563937648,1.426052090805805,0.583414430262157,1.7140474217455512,2.417498253334159,0.5991893679595104,0.45414007990880634,2520911,2.587991790087739,0.6417472632218517,0.42258414614299955,25387992.12263213,0.9341212992225916,0.933684336963617,1.074673728425033,1.0551963364618973
62,Hydra,NONE,False,512,0,0.0,Mix6,0.3118802,0.2779649,1.0597278,0.2762971,0,0,0,0,0,0,0,25135482.38472283,3118802,2779649,10597278,2762971,0.5419678,0.4320961,1.432896,0.4320961,0.5754589110275555,1.7377435310096634,0.6432941653488657,1.554498787436831,0.7395706317834652,1.3521358975389717,0.6394343758251927,1.5638821399138825,2.597758083985079,0.6443028756355286,0.42454108897244447,2762971,2.587991790087739,0.6417472632218517,0.42258414614299955,25387992.12263213,1.003773695857439,1.0039822723993346,1.004630895047309,0.9900539697393319
63,Hydra,NONE,False,64,0,0.0,Mix6,0.2684342,0.2307114,1.0021784,0.2278436,2433,0,0,0,0,0,0,28896515.688283544,2684342,2307114,10021784,2278436,0.5419678,0.4320961,1.432896,0.4320961,0.4952954769637606,2.0189968342334916,0.5339353907614534,1.8728857785094277,0.6994076332127385,1.4297813642760608,0.5272984412495276,1.8964592378280538,2.25593694218748,0.5541606704319424,0.5047045230362395,2278436,2.587991790087739,0.6417472632218517,0.42258414614299955,25387992.12263213,0.8716940103241203,0.8635185565884826,1.1943290529064263,1.1381961814350705
64,BlockHammer,NONE,False,512,0,0.0,Mix6,0.3121488,0.2745266,1.0635774,0.2748411,0,0,0,0,0,0,0,25258170.517447125,3121488,2745266,10635774,2748411,0.5419678,0.4320961,1.432896,0.4320961,0.575954512426753,1.7362482252054148,0.6353369076925249,1.5739680599257047,0.7422572189468043,1.3472418650490317,0.6360647550394462,1.572166972115888,2.5896133941055286,0.6420932113047806,0.424045487573247,2745266,2.587991790087739,0.6417472632218517,0.42258414614299955,25387992.12263213,1.0006265877751237,1.0005390721593297,1.003458107559371,0.9948864957670569
65,BlockHammer,NONE,False,64,0,0.0,Mix6,0.0002402,0.0004013,0.0070898,0.0003735,0,0,0,0,0,0,0,18110484606.57785,2402,4013,70898,3735,0.5419678,0.4320961,1.432896,0.4320961,0.0004431997620522843,2256.318900915903,0.0009287285860714781,1076.7408422626463,0.004947881772298897,202.1066884820446,0.0008643910463436259,1156.8838018741633,0.007184201166766285,0.000852505791905514,0.9995568002379477,2402,2.587991790087739,0.6417472632218517,0.42258414614299955,25387992.12263213,0.0027759752539720088,0.0013284135994995326,2.3653438240906097,713.3484412275855
66,Graphene,MEAN,False,512,32,0.65,Mix8,0.4011256,0.4199498,0.3517374,0.5685264,0,0,0,0,0,0,0,19512757.03834736,4011256,4199498,3517374,5685264,0.9951966,0.4868758,0.828172,1.0118551,0.4030616664084263,2.481009938034371,0.8625398921038999,1.159366667158789,0.424715397284622,2.3545178874922033,0.5618654291508735,1.7797856001058174,2.2521823849478215,0.5144906224127305,0.5969383335915737,3517374,2.2521823849478215,0.5144906224127305,0.5969383335915737,19512757.03834736,1.0,1.0,1.0,1.0
67,Graphene,MEAN,False,64,32,0.65,Mix8,0.3882556,0.3852304,0.3354935,0.5116094,1702,0,0,0,0,0,0,20108245.193274982,3882556,3852304,3354935,5116094,0.9951966,0.4868758,0.828172,1.0118551,0.3901295482721705,2.5632511160173865,0.79122930324325,1.2638561235042718,0.4051012350091527,2.468518764148933,0.5056152802906266,1.9777883283614415,2.0920753668152,0.48347633026346454,0.6098704517278295,3354935,2.2521823849478215,0.5144906224127305,0.5969383335915737,19512757.03834736,0.9289102786689583,0.9397184500587731,1.0216640771894272,1.0305178890793003
68,Hydra,MEAN,False,512,32,0.65,Mix8,0.4024095,0.4197218,0.350545,0.5697783,0,0,0,0,0,0,0,19569130.343465175,4024095,4197218,3505450,5697783,0.9951966,0.4868758,0.828172,1.0118551,0.40435176325964134,2.473094198819859,0.8620716001904386,1.1599964547945807,0.42327559975464035,2.362526922363748,0.5631026616360385,1.7758751079147803,2.252801624840759,0.5147016361850686,0.5956482367403586,3505450,2.2521823849478215,0.5144906224127305,0.5969383335915737,19512757.03834736,1.0002749510417435,1.0004101411437756,0.9978388105125483,1.002889048687842
69,Hydra,MEAN,False,64,32,0.65,Mix8,0.3597294,0.3565284,0.3131579,0.4815205,1757,0,0,0,0,0,0,21116776.091629814,3597294,3565284,3131579,4815205,0.9951966,0.4868758,0.828172,1.0118551,0.3614656641712803,2.7665144967300423,0.7322779238565564,1.3656017304652308,0.37813147510420536,2.6445828126960875,0.475878907958264,2.10137491550204,1.947753971090306,0.4505481729592952,0.6385343358287197,3131579,2.2521823849478215,0.5144906224127305,0.5969383335915737,19512757.03834736,0.8648295911147673,0.8757169777875177,1.0696822433682172,1.0822036091634906
70,Dummy,NONE,False,0,0,0.0,Mix8,0.4011256,0.4199498,0.3517374,0.5685264,0,0,0,0,0,0,0,19512757.03834736,4011256,4199498,3517374,5685264,0.9951966,0.4868758,0.828172,1.0118551,0.4030616664084263,2.481009938034371,0.8625398921038999,1.159366667158789,0.424715397284622,2.3545178874922033,0.5618654291508735,1.7797856001058174,2.2521823849478215,0.5144906224127305,0.5969383335915737,3517374,2.2521823849478215,0.5144906224127305,0.5969383335915737,19512757.03834736,1.0,1.0,1.0,1.0
71,Graphene,NONE,False,512,0,0.0,Mix8,0.4011256,0.4199498,0.3517374,0.5685264,0,0,0,0,0,0,0,19512757.03834736,4011256,4199498,3517374,5685264,0.9951966,0.4868758,0.828172,1.0118551,0.4030616664084263,2.481009938034371,0.8625398921038999,1.159366667158789,0.424715397284622,2.3545178874922033,0.5618654291508735,1.7797856001058174,2.2521823849478215,0.5144906224127305,0.5969383335915737,3517374,2.2521823849478215,0.5144906224127305,0.5969383335915737,19512757.03834736,1.0,1.0,1.0,1.0
72,Graphene,NONE,False,64,0,0.0,Mix8,0.3882556,0.3852304,0.3354935,0.5116094,1702,0,0,0,0,0,0,20108245.193274982,3882556,3852304,3354935,5116094,0.9951966,0.4868758,0.828172,1.0118551,0.3901295482721705,2.5632511160173865,0.79122930324325,1.2638561235042718,0.4051012350091527,2.468518764148933,0.5056152802906266,1.9777883283614415,2.0920753668152,0.48347633026346454,0.6098704517278295,3354935,2.2521823849478215,0.5144906224127305,0.5969383335915737,19512757.03834736,0.9289102786689583,0.9397184500587731,1.0216640771894272,1.0305178890793003
73,Hydra,NONE,False,512,0,0.0,Mix8,0.4024095,0.4197218,0.350545,0.5697783,0,0,0,0,0,0,0,19569130.343465175,4024095,4197218,3505450,5697783,0.9951966,0.4868758,0.828172,1.0118551,0.40435176325964134,2.473094198819859,0.8620716001904386,1.1599964547945807,0.42327559975464035,2.362526922363748,0.5631026616360385,1.7758751079147803,2.252801624840759,0.5147016361850686,0.5956482367403586,3505450,2.2521823849478215,0.5144906224127305,0.5969383335915737,19512757.03834736,1.0002749510417435,1.0004101411437756,0.9978388105125483,1.002889048687842
74,Hydra,NONE,False,64,0,0.0,Mix8,0.3597294,0.3565284,0.3131579,0.4815205,1757,0,0,0,0,0,0,21116776.091629814,3597294,3565284,3131579,4815205,0.9951966,0.4868758,0.828172,1.0118551,0.3614656641712803,2.7665144967300423,0.7322779238565564,1.3656017304652308,0.37813147510420536,2.6445828126960875,0.475878907958264,2.10137491550204,1.947753971090306,0.4505481729592952,0.6385343358287197,3131579,2.2521823849478215,0.5144906224127305,0.5969383335915737,19512757.03834736,0.8648295911147673,0.8757169777875177,1.0696822433682172,1.0822036091634906
75,BlockHammer,NONE,False,512,0,0.0,Mix8,0.4011256,0.4199498,0.3517374,0.5685264,0,0,0,0,0,0,0,19512757.03834736,4011256,4199498,3517374,5685264,0.9951966,0.4868758,0.828172,1.0118551,0.4030616664084263,2.481009938034371,0.8625398921038999,1.159366667158789,0.424715397284622,2.3545178874922033,0.5618654291508735,1.7797856001058174,2.2521823849478215,0.5144906224127305,0.5969383335915737,3517374,2.2521823849478215,0.5144906224127305,0.5969383335915737,19512757.03834736,1.0,1.0,1.0,1.0
76,BlockHammer,NONE,False,64,0,0.0,Mix8,0.0005085,0.0007628,0.0006492,0.0220899,0,0,0,0,0,0,0,8592110194.198624,5085,7628,6492,220899,0.9951966,0.4868758,0.828172,1.0118551,0.0005109543179709416,1957.1221238938056,0.0015667239981942006,638.2745149449397,0.0007838951328950991,1275.6808379544057,0.02183109024207122,45.8062327126877,0.02469266369113146,0.0010212200046410486,0.999489045682029,5085,2.2521823849478215,0.5144906224127305,0.5969383335915737,19512757.03834736,0.010963882790382245,0.0019849147101107197,1.6743589570943542,440.33296664910125
77,Graphene,MEAN,False,512,32,0.65,Mix0,0.2211497,0.2209556,0.2212689,0.2215341,0,0,0,0,0,0,0,36095157.29347888,2211497,2209556,2212689,2215341,0.3680163,0.3680163,0.3680163,0.3680163,0.6009236547402927,1.6641049026971324,0.6003962324494866,1.6655667473465259,0.6012475534371711,1.6632084310086055,0.6019681736923066,1.6612173927174192,2.404535614319257,0.6011333641816818,0.3996037675505134,2209556,2.404535614319257,0.6011333641816818,0.3996037675505134,36095157.29347888,1.0,1.0,1.0,1.0
78,Graphene,MEAN,False,64,32,0.65,Mix0,0.201546,0.2008987,0.2006028,0.2015795,7337,0,0,0,0,0,0,38218073.72267487,2015460,2008987,2006028,2015795,0.3680163,0.3680163,0.3680163,0.3680163,0.5476550902772512,1.8259667768152184,0.54589620079328,1.8318500816580694,0.5450921603200728,1.8345521597903918,0.5477461188539746,1.8256633238995037,2.186389570244579,0.5465950152958212,0.4549078396799272,2006028,2.404535614319257,0.6011333641816818,0.3996037675505134,36095157.29347888,0.9092772663562994,0.9092741276137563,1.138397274050783,1.0588144390654735
79,Hydra,MEAN,False,512,32,0.65,Mix0,0.2214753,0.2213298,0.2211069,0.2211575,0,0,0,0,0,0,0,36085813.80488352,2214753,2213298,2211069,2211575,0.3680163,0.3680163,0.3680163,0.3680163,0.6018083981606249,1.6616584332428943,0.6014130352378413,1.6627507909011803,0.6008073555437625,1.6644270260222545,0.6009448494536791,1.6640462114104202,2.4049736383959077,0.6012431488308587,0.3991926444562375,2211069,2.404535614319257,0.6011333641816818,0.3996037675505134,36095157.29347888,1.0001821657679106,1.0001826294391867,0.998971173127831,0.9997411428763313
80,Hydra,MEAN,False,64,32,0.65,Mix0,0.1599794,0.1599949,0.1602227,0.1601941,5802,0,0,0,0,0,0,44656006.46864535,1599794,1599949,1602227,1601941,0.3680163,0.3680163,0.3680163,0.3680163,0.4347073757330857,2.3003980512490987,0.4347494934327637,2.3001751930842795,0.43536848775448256,2.296904870533327,0.4352907738053994,2.2973149448075803,1.7401161307257316,0.4350288227304264,0.5652926242669143,1599794,2.404535614319257,0.6011333641816818,0.3996037675505134,36095157.29347888,0.723680747485361,0.7236810475868825,1.414632869284588,1.2371744526713315
81,Dummy,NONE,False,0,0,0.0,Mix0,0.2211497,0.2209556,0.2212689,0.2215341,0,0,0,0,0,0,0,36095157.29347888,2211497,2209556,2212689,2215341,0.3680163,0.3680163,0.3680163,0.3680163,0.6009236547402927,1.6641049026971324,0.6003962324494866,1.6655667473465259,0.6012475534371711,1.6632084310086055,0.6019681736923066,1.6612173927174192,2.404535614319257,0.6011333641816818,0.3996037675505134,2209556,2.404535614319257,0.6011333641816818,0.3996037675505134,36095157.29347888,1.0,1.0,1.0,1.0
82,Graphene,NONE,False,512,0,0.0,Mix0,0.2211497,0.2209556,0.2212689,0.2215341,0,0,0,0,0,0,0,36095157.29347888,2211497,2209556,2212689,2215341,0.3680163,0.3680163,0.3680163,0.3680163,0.6009236547402927,1.6641049026971324,0.6003962324494866,1.6655667473465259,0.6012475534371711,1.6632084310086055,0.6019681736923066,1.6612173927174192,2.404535614319257,0.6011333641816818,0.3996037675505134,2209556,2.404535614319257,0.6011333641816818,0.3996037675505134,36095157.29347888,1.0,1.0,1.0,1.0
83,Graphene,NONE,False,64,0,0.0,Mix0,0.201546,0.2008987,0.2006028,0.2015795,7337,0,0,0,0,0,0,38218073.72267487,2015460,2008987,2006028,2015795,0.3680163,0.3680163,0.3680163,0.3680163,0.5476550902772512,1.8259667768152184,0.54589620079328,1.8318500816580694,0.5450921603200728,1.8345521597903918,0.5477461188539746,1.8256633238995037,2.186389570244579,0.5465950152958212,0.4549078396799272,2006028,2.404535614319257,0.6011333641816818,0.3996037675505134,36095157.29347888,0.9092772663562994,0.9092741276137563,1.138397274050783,1.0588144390654735
84,Hydra,NONE,False,512,0,0.0,Mix0,0.2214753,0.2213298,0.2211069,0.2211575,0,0,0,0,0,0,0,36085813.80488352,2214753,2213298,2211069,2211575,0.3680163,0.3680163,0.3680163,0.3680163,0.6018083981606249,1.6616584332428943,0.6014130352378413,1.6627507909011803,0.6008073555437625,1.6644270260222545,0.6009448494536791,1.6640462114104202,2.4049736383959077,0.6012431488308587,0.3991926444562375,2211069,2.404535614319257,0.6011333641816818,0.3996037675505134,36095157.29347888,1.0001821657679106,1.0001826294391867,0.998971173127831,0.9997411428763313
85,Hydra,NONE,False,64,0,0.0,Mix0,0.1599794,0.1599949,0.1602227,0.1601941,5802,0,0,0,0,0,0,44656006.46864535,1599794,1599949,1602227,1601941,0.3680163,0.3680163,0.3680163,0.3680163,0.4347073757330857,2.3003980512490987,0.4347494934327637,2.3001751930842795,0.43536848775448256,2.296904870533327,0.4352907738053994,2.2973149448075803,1.7401161307257316,0.4350288227304264,0.5652926242669143,1599794,2.404535614319257,0.6011333641816818,0.3996037675505134,36095157.29347888,0.723680747485361,0.7236810475868825,1.414632869284588,1.2371744526713315
86,BlockHammer,NONE,False,512,0,0.0,Mix0,0.2214012,0.2208202,0.2212224,0.2215041,0,0,0,0,0,0,0,36119181.56151476,2214012,2208202,2212224,2215041,0.3680163,0.3680163,0.3680163,0.3680163,0.6016070483834547,1.6622145679427214,0.6000283139632674,1.6665880204800105,0.6011212003381372,1.6635580302898803,0.6018866555638975,1.6614423841364563,2.404643218248757,0.601159967959264,0.3999716860367326,2208202,2.404535614319257,0.6011333641816818,0.3996037675505134,36095157.29347888,1.0000447503995613,1.0000442560323004,1.0009207082517626,1.0006655814751144
87,BlockHammer,NONE,False,64,0,0.0,Mix0,0.018499,0.0112346,0.016913,0.0159644,0,0,0,0,0,0,0,412843100.72232217,184990,112346,169130,159644,0.3680163,0.3680163,0.3680163,0.3680163,0.050266795247927876,19.893848316125194,0.03052745218078656,32.75740124258986,0.04595720352603947,21.75937444569266,0.04337960030574733,23.05231014006164,0.17013105126050124,0.04104124337228344,0.9694725478192134,112346,2.404535614319257,0.6011333641816818,0.3996037675505134,36095157.29347888,0.0707542239122404,0.0682731084609695,2.4260846031604637,11.437631296786408
88,Graphene,MEAN,False,512,32,0.65,Mix2,0.7321456,0.333527,0.5595288,0.5664085,0,0,0,0,0,0,0,20877189.504148092,7321456,3335270,5595288,5664085,1.2375126,0.4320961,0.9502711,1.0118551,0.5916267842444594,1.6902547799235563,0.7718815328349412,1.2955355938199904,0.5888096565285422,1.6983417118117958,0.5597723428977133,1.786440528346591,2.512090316505656,0.6181833106093356,0.44022765710228673,3335270,2.512090316505656,0.6181833106093356,0.44022765710228673,20877189.504148092,1.0,1.0,1.0,1.0
89,Graphene,MEAN,False,64,32,0.65,Mix2,0.6845527,0.3063736,0.520174,0.5037072,2159,0,0,0,0,0,0,22330391.827983875,6845527,3063736,5201740,5037072,1.2375126,0.4320961,0.9502711,1.0118551,0.5531682667311831,1.8077681966633103,0.7090404194807591,1.4103568323119222,0.5473953695950555,1.82683313660429,0.49780566407186166,2.008816034394585,2.3074097198788595,0.5670723057756347,0.5021943359281383,3063736,2.512090316505656,0.6181833106093356,0.44022765710228673,20877189.504148092,0.9185218002386517,0.9173206329635114,1.140760531116412,1.0696071817304262
90,Hydra,MEAN,False,512,32,0.65,Mix2,0.7320572,0.3336036,0.559932,0.5676785,0,0,0,0,0,0,0,20863522.500956226,7320572,3336036,5599320,5676785,1.2375126,0.4320961,0.9502711,1.0118551,0.5915553506283491,1.690458887638835,0.7720588082141913,1.2952381209315487,0.5892339564993611,1.6971187572776696,0.5610274633195997,1.782443936136387,2.513875578661501,0.6186913108490049,0.43897253668040026,3336036,2.512090316505656,0.6181833106093356,0.44022765710228673,20877189.504148092,1.0007106679820048,1.0008217631096648,0.9971489287380351,0.9993453619229183
91,Hydra,MEAN,False,64,32,0.65,Mix2,0.5820819,0.2838711,0.4864617,0.4633409,2128,0,0,0,0,0,0,23589561.77425247,5820819,2838711,4864617,4633409,1.2375126,0.4320961,0.9502711,1.0118551,0.47036442295617836,2.126011133484824,0.656962883951047,1.5221560067227695,0.5119188618910961,1.953434566380046,0.45791230384666737,2.1838242641648944,2.097158472644989,0.5137804938389726,0.5420876961533326,2838711,2.512090316505656,0.6181833106093356,0.44022765710228673,20877189.504148092,0.8348260645191126,0.8311134982478668,1.2313803719682672,1.129920374079349
92,Dummy,NONE,False,0,0,0.0,Mix2,0.7321456,0.333527,0.5595288,0.5664085,0,0,0,0,0,0,0,20877189.504148092,7321456,3335270,5595288,5664085,1.2375126,0.4320961,0.9502711,1.0118551,0.5916267842444594,1.6902547799235563,0.7718815328349412,1.2955355938199904,0.5888096565285422,1.6983417118117958,0.5597723428977133,1.786440528346591,2.512090316505656,0.6181833106093356,0.44022765710228673,3335270,2.512090316505656,0.6181833106093356,0.44022765710228673,20877189.504148092,1.0,1.0,1.0,1.0
93,Graphene,NONE,False,512,0,0.0,Mix2,0.7321456,0.333527,0.5595288,0.5664085,0,0,0,0,0,0,0,20877189.504148092,7321456,3335270,5595288,5664085,1.2375126,0.4320961,0.9502711,1.0118551,0.5916267842444594,1.6902547799235563,0.7718815328349412,1.2955355938199904,0.5888096565285422,1.6983417118117958,0.5597723428977133,1.786440528346591,2.512090316505656,0.6181833106093356,0.44022765710228673,3335270,2.512090316505656,0.6181833106093356,0.44022765710228673,20877189.504148092,1.0,1.0,1.0,1.0
94,Graphene,NONE,False,64,0,0.0,Mix2,0.6845527,0.3063736,0.520174,0.5037072,2159,0,0,0,0,0,0,22330391.827983875,6845527,3063736,5201740,5037072,1.2375126,0.4320961,0.9502711,1.0118551,0.5531682667311831,1.8077681966633103,0.7090404194807591,1.4103568323119222,0.5473953695950555,1.82683313660429,0.49780566407186166,2.008816034394585,2.3074097198788595,0.5670723057756347,0.5021943359281383,3063736,2.512090316505656,0.6181833106093356,0.44022765710228673,20877189.504148092,0.9185218002386517,0.9173206329635114,1.140760531116412,1.0696071817304262
95,Hydra,NONE,False,512,0,0.0,Mix2,0.7320572,0.3336036,0.559932,0.5676785,0,0,0,0,0,0,0,20863522.500956226,7320572,3336036,5599320,5676785,1.2375126,0.4320961,0.9502711,1.0118551,0.5915553506283491,1.690458887638835,0.7720588082141913,1.2952381209315487,0.5892339564993611,1.6971187572776696,0.5610274633195997,1.782443936136387,2.513875578661501,0.6186913108490049,0.43897253668040026,3336036,2.512090316505656,0.6181833106093356,0.44022765710228673,20877189.504148092,1.0007106679820048,1.0008217631096648,0.9971489287380351,0.9993453619229183
96,Hydra,NONE,False,64,0,0.0,Mix2,0.6327164,0.2769664,0.4827314,0.4230126,2066,0,0,0,0,0,0,24179411.866385236,6327164,2769664,4827314,4230126,1.2375126,0.4320961,0.9502711,1.0118551,0.5112807740300988,1.955872488843343,0.6409833368086405,1.5601029583371846,0.5079933505291279,1.9685297040963154,0.41805649840575,2.392021183293358,2.078313959773617,0.5078380786266067,0.58194350159425,2769664,2.512090316505656,0.6181833106093356,0.44022765710228673,20877189.504148092,0.8273245377039523,0.8215007909644746,1.3219149051760637,1.1581737025273937
97,BlockHammer,NONE,False,512,0,0.0,Mix2,0.6867064,0.3217271,0.5336447,0.5095678,0,0,0,0,0,0,0,21354482.988066595,6867064,3217271,5336447,5095678,1.2375126,0.4320961,0.9502711,1.0118551,0.5549086126476611,1.8020985387641646,0.7445730243804561,1.3430516111325406,0.5615710085258827,1.7807187066600683,0.5035976000911593,1.9857124017647896,2.3646502456451595,0.5787387647629822,0.4964023999088407,3217271,2.512090316505656,0.6181833106093356,0.44022765710228673,20877189.504148092,0.9413078144954647,0.9361928004696967,1.1276038474645445,1.0228619606017213
98,BlockHammer,NONE,False,64,0,0.0,Mix2,0.006375,0.0005777,0.0007351,0.0079368,0,0,0,0,0,0,0,7554087544.356934,63750,5777,7351,79368,1.2375126,0.4320961,0.9502711,1.0118551,0.005151462700258566,194.1196235294118,0.0013369711043446123,747.9593214471179,0.000773568721599552,1292.7099714324581,0.007843810838132853,127.48905100292308,0.015105813364335583,0.0016932808311218182,0.9992264312784005,5777,2.512090316505656,0.6181833106093356,0.44022765710228673,20877189.504148092,0.0060132445338780365,0.0027391241433754854,2.2697947644989296,361.83450568650585
99,Graphene,MEAN,False,512,32,0.65,Mix9,0.2576651,0.9956216,0.2547358,0.996276,0,0,0,0,0,0,0,27415871.056404326,2576651,9956216,2547358,9962760,0.3137977,1.432896,0.3137977,1.432896,0.8211185104288526,1.217851001163914,0.6948317254008666,1.4391973818165456,0.8117835153030121,1.231855514615535,0.6952884228862388,1.4382520506365704,3.02302217401897,0.7508697021207186,0.3051682745991334,2547358,3.02302217401897,0.7508697021207186,0.3051682745991334,27415871.056404326,1.0,1.0,1.0,1.0
100,Graphene,MEAN,False,64,32,0.65,Mix9,0.2568733,0.99362,0.2560828,0.9922408,333,0,0,0,0,0,0,27213889.484670587,2568733,9936200,2560828,9922408,0.3137977,1.432896,0.3137977,1.432896,0.818595228709452,1.2216049702324063,0.6934348340703024,1.4420965761558746,0.8160760897865089,1.2253759330966392,0.6924723078297379,1.4441010690146987,3.0205784603960018,0.7500217672489735,0.3075276921702621,2560828,3.02302217401897,0.7508697021207186,0.3051682745991334,27415871.056404326,0.9991916322533224,0.9988707296760674,1.0077315296756453,0.9926326772066374
101,Hydra,MEAN,False,512,32,0.65,Mix9,0.2577558,0.9935944,0.2555961,0.9979192,0,0,0,0,0,0,0,27333279.620659318,2577558,9935944,2555961,9979192,0.3137977,1.432896,0.3137977,1.432896,0.8214075501509411,1.2174224595528016,0.6934169681540042,1.442133731832627,0.8145250905280694,1.2277092647344776,0.6964351913886284,1.4358837869839562,3.0257848002216434,0.7514348776115939,0.3065830318459958,2555961,3.02302217401897,0.7508697021207186,0.3051682745991334,27415871.056404326,1.000913862368069,1.0007526944945029,1.0046359905816578,0.9969874589950074
102,Hydra,MEAN,False,64,32,0.65,Mix9,0.2337541,0.9805432,0.2332806,0.980684,687,0,0,0,0,0,0,28987690.237636566,2337541,9805432,2332806,9806840,0.3137977,1.432896,0.3137977,1.432896,0.7449197365053982,1.3424265071714252,0.6843087007012372,1.4613287818425542,0.7434108025648372,1.3451512899058045,0.6844069632408772,1.4611189741037887,2.85704620301235,0.7130092300282241,0.31569129929876283,2332806,3.02302217401897,0.7508697021207186,0.3051682745991334,27415871.056404326,0.9450960127143353,0.9495778402223938,1.0344826955339717,1.0573324545478946
103,Dummy,NONE,False,0,0,0.0,Mix9,0.2576651,0.9956216,0.2547358,0.996276,0,0,0,0,0,0,0,27415871.056404326,2576651,9956216,2547358,9962760,0.3137977,1.432896,0.3137977,1.432896,0.8211185104288526,1.217851001163914,0.6948317254008666,1.4391973818165456,0.8117835153030121,1.231855514615535,0.6952884228862388,1.4382520506365704,3.02302217401897,0.7508697021207186,0.3051682745991334,2547358,3.02302217401897,0.7508697021207186,0.3051682745991334,27415871.056404326,1.0,1.0,1.0,1.0
104,Graphene,NONE,False,512,0,0.0,Mix9,0.2576651,0.9956216,0.2547358,0.996276,0,0,0,0,0,0,0,27415871.056404326,2576651,9956216,2547358,9962760,0.3137977,1.432896,0.3137977,1.432896,0.8211185104288526,1.217851001163914,0.6948317254008666,1.4391973818165456,0.8117835153030121,1.231855514615535,0.6952884228862388,1.4382520506365704,3.02302217401897,0.7508697021207186,0.3051682745991334,2547358,3.02302217401897,0.7508697021207186,0.3051682745991334,27415871.056404326,1.0,1.0,1.0,1.0
105,Graphene,NONE,False,64,0,0.0,Mix9,0.2568733,0.99362,0.2560828,0.9922408,333,0,0,0,0,0,0,27213889.484670587,2568733,9936200,2560828,9922408,0.3137977,1.432896,0.3137977,1.432896,0.818595228709452,1.2216049702324063,0.6934348340703024,1.4420965761558746,0.8160760897865089,1.2253759330966392,0.6924723078297379,1.4441010690146987,3.0205784603960018,0.7500217672489735,0.3075276921702621,2560828,3.02302217401897,0.7508697021207186,0.3051682745991334,27415871.056404326,0.9991916322533224,0.9988707296760674,1.0077315296756453,0.9926326772066374
106,Hydra,NONE,False,512,0,0.0,Mix9,0.2577558,0.9935944,0.2555961,0.9979192,0,0,0,0,0,0,0,27333279.620659318,2577558,9935944,2555961,9979192,0.3137977,1.432896,0.3137977,1.432896,0.8214075501509411,1.2174224595528016,0.6934169681540042,1.442133731832627,0.8145250905280694,1.2277092647344776,0.6964351913886284,1.4358837869839562,3.0257848002216434,0.7514348776115939,0.3065830318459958,2555961,3.02302217401897,0.7508697021207186,0.3051682745991334,27415871.056404326,1.000913862368069,1.0007526944945029,1.0046359905816578,0.9969874589950074
107,Hydra,NONE,False,64,0,0.0,Mix9,0.2337541,0.9805432,0.2332806,0.980684,687,0,0,0,0,0,0,28987690.237636566,2337541,9805432,2332806,9806840,0.3137977,1.432896,0.3137977,1.432896,0.7449197365053982,1.3424265071714252,0.6843087007012372,1.4613287818425542,0.7434108025648372,1.3451512899058045,0.6844069632408772,1.4611189741037887,2.85704620301235,0.7130092300282241,0.31569129929876283,2332806,3.02302217401897,0.7508697021207186,0.3051682745991334,27415871.056404326,0.9450960127143353,0.9495778402223938,1.0344826955339717,1.0573324545478946
108,BlockHammer,NONE,False,512,0,0.0,Mix9,0.258416,0.9934077,0.2552934,0.996828,0,0,0,0,0,0,0,27335376.49475075,2584160,9934077,2552934,9968280,0.3137977,1.432896,0.3137977,1.432896,0.8235114533981606,1.2143121942913753,0.6932866725847515,1.4424047649318603,0.8135604563067225,1.229164952952172,0.6956736567064183,1.437455609192358,3.026032238996053,0.751408300515247,0.3067133274152485,2552934,3.02302217401897,0.7508697021207186,0.3051682745991334,27415871.056404326,1.0009957138266972,1.0007172994102802,1.0050629536053335,0.9970639429442906
109,BlockHammer,NONE,False,64,0,0.0,Mix9,0.0004259,0.0033799,0.0010126,0.0069234,0,0,0,0,0,0,0,10208415647.74595,4259,33799,10126,69234,0.3137977,1.432896,0.3137977,1.432896,0.0013572438548784774,736.7872740079831,0.002358789472508821,423.94627059972186,0.00322691976391159,309.893047600237,0.004831753316360713,206.96420833694427,0.011774706407659602,0.0023843716827135607,0.9986427561451215,4259,3.02302217401897,0.7508697021207186,0.3051682745991334,27415871.056404326,0.0038950115910018836,0.0031754799480912086,3.2724330779696236,372.35423331046314
